Literature added,,,,,,,,,,,,,,,,,,,,,,,,,
"1. Anderson, E. 1984. Who’s who in the Pleistocene: A mammalian bestiary. In Quaternary extinctions: a prehistoric revolution (S. Martin and R.G. Klein, eds.), 40-89. Tucson, AZ: University of Arizona Press.",,,,,,,,,,,,,,,,,,,,,,,,,
"2. Klein, R.G. 1984. Mammalian extinctions and stone age people in Africa. In Quaternary extinctions: a prehistoric revolution (S. Martin and R.G. Klein, eds.), 553-573. Tucson, AZ: University of Arizona Press.",,,,,,,,,,,,,,,,,,,,,,,,,
"3. Flannery, T. and Schouten, 2001. A gap in nature: discovering the world’s extinct animals, New York, NY: Atlantic Monthly Press.",,,,,,,,,,,,,,,,,,,,,,,,,
"4. MacPhee, R.D.E. and Flemming, C. 1999. Requiem æternam: The last five hundred years of mammalian species extinctions. In Extinctions in near time: causes, contexts, and consequences (R.D.E. MacPhee, ed.), 333-372. New York: Kluwer Academic/Plenum Press.",,,,,,,,,,,,,,,,,,,,,,,,,
"5. Milewski, A.V. and Diamond, R.E. 2000. Why are very large herbivores absent from Australia? A new theory of micronutrients. Journal of Biogeography, 27: 957-978.",,,,,,,,,,,,,,,,,,,,,,,,,
"6. Churcher, C.S. 1978. Giraffidae. In Evolution of African Mammals (V.J. Maglio and H.B.S. Cooke, eds.), 509-535. Cambridge, MA: Harvard University Press.",,,,,,,,,,,,,,,,,,,,,,,,,
"7. Churcher, C.S. and Richardson, M.L. 1978. Equidae. In Evolution of African Mammals (V.J. Maglio and H.B.S. Cooke, eds.), 379-422. Cambridge, MA: Harvard University Press.",,,,,,,,,,,,,,,,,,,,,,,,,
"8. Alberdi, M.T., Prado, J.L., and Ortiz-Jaureguizar, E. 1995. Patterns of body size changes in fossil and living Equini (Perissodactyla). Biological Journal of the Linnean Society, 54: 349-370.",,,,,,,,,,,,,,,,,,,,,,,,,
"9. Stuart, A.J. 1999. Late Pleistocene megafaunal extinctions: A European perspective. In Extinctions in near time: causes, contexts, and consequences (R.D. E. MacPhee, ed.), 257-270. New York: Kluwer Academic/Plenum Press.",,,,,,,,,,,,,,,,,,,,,,,,,
"10. Stuart, A.J. 1991. Mammalian extinctions in the late Pleistocene of northern Eurasia and North America. Biological Reviews, 66:453-562. ",,,,,,,,,,,,,,,,,,,,,,,,,
"11. Martin, S. 1984. Prehistoric overkill: The global model. In Quaternary extinctions: a prehistoric revolution (S. Martin and R.G. Klein, eds.), 354-403. Tucson, AZ: University of Arizona Press.",,,,,,,,,,,,,,,,,,,,,,,,,
"12. Coppens, Y., Maglio, V.J., Madden, C.T. and Beden, M. 1978. Proboscidea. In Evolution of African Mammals (V.J. Maglio and H.B.S. Cooke, eds.), 336-367. Cambridge, MA: Harvard University Press.",,,,,,,,,,,,,,,,,,,,,,,,,
"13. Murray, 1984. Extinctions down under: A bestiary of extinct Australian Late Pleistocene Monotremes and Marsupials. In Quaternary extinctions: a prehistoric revolution (S. Martin and R.G. Klein, eds.), 600-628. Tucson, AZ: University of Arizona Press.",,,,,,,,,,,,,,,,,,,,,,,,,
"14. Ward, V.R. 2002. Prehistoric data files. (November 2002; www.angellis.net).",,,,,,,,,,,,,,,,,,,,,,,,,
"15. Keast, A., Erk, F.C., and Glass, B. 1972. Evolution, mammals, and southern continents, Albany : State University of New York Press.",,,,,,,,,,,,,,,,,,,,,,,,,
"16. Flannery, T.F. and Roberts, R.G. 1999. Late Quaternary extinctions in Australasia: A overview. In Extinctions in near time: causes, contexts, and consequences (R.D.E. MacPhee, ed.), 239-256. New York: Kluwer Academic/Plenum Press.",,,,,,,,,,,,,,,,,,,,,,,,,
"17. Smith, M.J. 1995. Toolache wallaby: Macropus greyi. In Mammals of Australia, Rev. Ed. (R. Strahan, ed.), 339-340. Washington D.C.: Smithsonian Institution Press.",,,,,,,,,,,,,,,,,,,,,,,,,
"18. Strahan, R. 1995. Eastern hare-wallaby: Lagorchestes leporides. In Mammals of Australia, Rev. Ed. (R. Strahan, ed.), 319-320. Washington D.C.: Smithsonian Institution Press.",,,,,,,,,,,,,,,,,,,,,,,,,
"19. Johnson, K.A. and Burbidge, A.A. 1995. Pig-footed bandicoot: Chaeropus ecaudatus. In Mammals of Australia, Rev. Ed. (R. Strahan, ed.), 170-171. Washington D. C.: Smithsonian Institution Press.",,,,,,,,,,,,,,,,,,,,,,,,,
"20. Smith, M.J. 1995. Desert rat-kangaroo: Caloprymnus campestris. In Mammals of Australia, Rev. Ed. (R. Strahan, ed.), 296-297. Washington D.C.: Smithsonian Institution Press.",,,,,,,,,,,,,,,,,,,,,,,,,
"21. Kitchener, D.J. 1995. Broad-faced potoroo: Potorous platyops. In Mammals of Australia, Rev. Ed. (R. Strahan, ed.), 300-301. Washington D.C.: Smithsonian Institution Press.",,,,,,,,,,,,,,,,,,,,,,,,,
"22. Wroe, S., Myers, T.J., Wells, R.T., and Gillespie, A. 1999. Estimating the weight of the Pleistocene marsupial lion, Thylacoleo carnifex (Thylacoleonidae: Marsupialia): implications for the ecomorphology of a marsupial super-predator and hypotheses of impoverishment of Australian marsupial carnivore faunas. Australian Journal of Zoology, 47: 489-498.",,,,,,,,,,,,,,,,,,,,,,,,,
"23. Grayson, D.K. 1993. The desert's past. A natural prehistory of the Great Basin, Washington, D.C.: Smithsonian Institution Press.",,,,,,,,,,,,,,,,,,,,,,,,,
"24. Graham, R.W. and Lundelius Jr., E.L. 1984. Coevolutionary disequilibrium and Pleistocene extinctions. In Quaternary extinctions: a prehistoric revolution (S. Martin and R.G. Klein, eds.), 223-249. Tucson, AZ: University of Arizona Press.",,,,,,,,,,,,,,,,,,,,,,,,,
"25. Kurtén, B. and Anderson, E. 1980. Pleistocene mammals of North America, Columbia, NY : Columbia University Press.",,,,,,,,,,,,,,,,,,,,,,,,,
"26. Murray, 1991. The Pleistocene megafauna of Australia. In Vertebrate palaeontology of Australasia ( Vickers-Rich, J.M. Mongahan, R.F. Baird, and T.H. Rich, eds.), 1070-1164. Melbourne: Pioneer Design Studio.",,,,,,,,,,,,,,,,,,,,,,,,,
"27. Scott, K. 1990. Postcranial dimensions of ungulates as predictors of body mass. In Body size in mammalian paleobiology: estimation and biological implications. (J. Damuth and B.J. MacFadden, eds.), 301-336. Cambridge: Cambridge University Press.",,,,,,,,,,,,,,,,,,,,,,,,,
"28. Alroy, J. 2002. North American fossil mammal systematics database. (January 2003; www.nceas.ucsb.edu/~alroy/nafmsd.html)",,,,,,,,,,,,,,,,,,,,,,,,,
29. George C. Page Museum. 2002. La Brea tar pits. (January 2002; www.tarpits.org),,,,,,,,,,,,,,,,,,,,,,,,,
30. FAUNMAP working grou 1994. FAUNMAP Database (October 2001; www.museum.state.il.us),,,,,,,,,,,,,,,,,,,,,,,,,
"31. Anyonge, W. 1993. Body mass in large extant and extinct carnivores. Journal of Zoology, London, 231: 339-350.",,,,,,,,,,,,,,,,,,,,,,,,,
"32. Kurtén, B. 1988. Before the Indians, New York: Columbia University Press.",,,,,,,,,,,,,,,,,,,,,,,,,
"33. Van Valkenburgh, B. 1991. Iterative evolution of hypercarnivory in canids (Mammalia: Carnivora): evolutionary interactions among sympatric predators. Paleobiology, 17: 340-362.",,,,,,,,,,,,,,,,,,,,,,,,,
"34. Burke, A. and Cinqmars, J. 1996. Dental characteristics of late Pleistocene Equus lambei from the Bluefish Caves, Yukon Territory, and their comparison with Eurasian horses. Geographie Physique et Quaternaire, 50: 81-93.",,,,,,,,,,,,,,,,,,,,,,,,,
"35. MacFadden, B.J. 1986. Fossil horses from ""Eohippus"" (Hyracotherium) to Equus: scaling, Cope's Law, and the evolution of body size. Paleobiology, 12: 355-369.",,,,,,,,,,,,,,,,,,,,,,,,,
"36. Haynes, G. 1991. Mammoths, mastodons and elephants: biology, behaviour and the fossil record, Cambridge: Cambridge University Press.",,,,,,,,,,,,,,,,,,,,,,,,,
"37. Burness, G., Diamond, J., and Flannery, T. 2001. Dinosaurs, dragons and dwarfs: the evolution of maximum body size. Proceedings of the National Academy of Sciences, 98: 14518-14523.",,,,,,,,,,,,,,,,,,,,,,,,,
"38. Roth, L. 1990. Insular dwarf elephants: A case study in body mass estimation and ecological inference. In Body size in mammalian paleobiology: estimation and biological implications. (J. Damuth and B.J. MacFadden, eds.), 151-180. Cambridge: Cambridge University Press.",,,,,,,,,,,,,,,,,,,,,,,,,
"40. Farina, R.A. 2002. in litt.",,,,,,,,,,,,,,,,,,,,,,,,,
"41. Martin, S. and Steadman, D.W. 1999. Prehistoric extinctions on islands and continents. In Extinctions in near time: causes, contexts, and consequences (R.D.E. MacPhee, ed.), 17-55. New York : Kluwer Academic/Plenum Press.",,,,,,,,,,,,,,,,,,,,,,,,,
"42. Berta, A. 1988. Quaternary evolution and biogeography of the large South American Canidae (Mammalia, Carnivora), Berkeley, CA: University of California Press.",,,,,,,,,,,,,,,,,,,,,,,,,
"43. Farina, R.A., Vizcaino, S.F., Bargo, M.S. Body mass estimations in Lujanian (late Pleistocene-early Holocene of South America) mammal megafauna. Unpublished manuscript",,,,,,,,,,,,,,,,,,,,,,,,,
"44. Prado, J.L. and Alberdi, M.A. 1994. A quantitative review of the horse Equus from South America. Palaeontology, 37: 459-481.",,,,,,,,,,,,,,,,,,,,,,,,,
"45. MacFadden, B.J. 1997. Pleistocene horses from Tarija, Boliva, and the validity of the genus Onohippidium (Mammalia: Equidae). Journal of Vertebrate Paleontology, 17: 199-218.",,,,,,,,,,,,,,,,,,,,,,,,,
"46. Cartelle, C., Hartwig, W.C. 1996. A new extinct primate among the Pleistocene megafauna of Bahia, Brazil. Proceedings of the National Academy of Sciences, 93: 6405-6409.",,,,,,,,,,,,,,,,,,,,,,,,,
"47. MacFadden, B.J. and Shockey, B.J. 1997. Ancient feeding ecology and niche differentiation of Pleistocene mammalian herbivores from Tarija, Bolivia: morphological and isotopic evidence. Paleobiology, 23: 77-100.",,,,,,,,,,,,,,,,,,,,,,,,,
"48. Cantalamessa G., Di Celma C., Bianucci G., Carnevale G., Coltorti M., Delfino M., Ficcarelli G., Espinosa M.M., Naldini D., Pieruccini , Ragaini L., Rook L., Rossi M., Tito G., Torre D., Valleri G., and Landini W. 2001. A new vertebrate fossiliferous site from the late Quaternary at San Jose on the north coast of Ecuador: preliminary note. Journal of South American Earth Sciences, 14: 331-334.",,,,,,,,,,,,,,,,,,,,,,,,,
"49. Marshall, L.G. 1994. L'Evolution et le contexte paleoecologique des faunes de mammiferes en amerique du sud pendant le Pleistocene. L'Anthropologie, 98: 55-80.",,,,,,,,,,,,,,,,,,,,,,,,,
"50. Lessa, E. and Farina, R.A. 1996. Reassessment of extinction patterns among the late Pleistocene mammals of South America. Palaeontology, 39: 651-662.",,,,,,,,,,,,,,,,,,,,,,,,,
"51. De Iuliis, G., Bargo, M.S., and Vizcaino, S.F. 2000. Variation in skull morphology and mastication in the fossil giant armadillos Pampatherium s and allied genera (Mammalia, Xenarthra, Pampatheriidae), with comments on their systematics and distribution. Journal of Vertebrate Paleontology, 20: 743-754.",,,,,,,,,,,,,,,,,,,,,,,,,
"52. Farina, R.A. and Vizcaino, S.F. 1997. Allometry of the bones of living and extinct armadillos (Xenarthra, Dasypoda). Z. Saugetierkunde, 62: 65-70.",,,,,,,,,,,,,,,,,,,,,,,,,
"53. Giacchino, A. And Gurovich, Y. 2002. Mamiferos gigantescos habitaron la region. (January 2002; Http://Www.Miramar-Digital.Com/Egatur/Museo/Mamgig.Html).",,,,,,,,,,,,,,,,,,,,,,,,,
"54. Guerin, C. and Faure, M. 2000. The real nature of Megatherium laurillardi LUND, 1842 (Mammalia, Xenarthra): a dwarf amongst giants. Geobios, 33: 475-488.",,,,,,,,,,,,,,,,,,,,,,,,,
"55. Bargo, M.S., Vizcaino, S.F., Archuby, F.M., and Blanco, R.E. 2000. Limb bone proportions, strength and digging in some Lujanian (Late Pleistocene-Early Holocene) mylodontid ground sloths (Mammalia, Xenarthra). Journal of Vertebrate Paleontology, 20: 601-610.",,,,,,,,,,,,,,,,,,,,,,,,,
"56. Nowak, R.M. 1999. Walker’s Mammals of the World. Volume 1 and 2. Baltimore: John Hopkins University Press.",,,,,,,,,,,,,,,,,,,,,,,,,
"57. Eisenberg, J.F. 1989. Mammals of the Neotropics. Volume 1. Chicago: University of Chicago Press.",,,,,,,,,,,,,,,,,,,,,,,,,
"58. Stuart, A.J. 1991. Mammalian extinctions in the late Pleistocene of northern Eurasia and North America. Biological Reviews of the Cambridge Philosophical Society, 66: 453-562.",,,,,,,,,,,,,,,,,,,,,,,,,
"59. Strahan, R. 1995. Mammals of Australia. Washington, D.C.: Smithsonian Institution Press.",,,,,,,,,,,,,,,,,,,,,,,,,
"60. Silva, M., and Downing, J.A. 1995. CRC Handbook of Mammalian Body Masses. Boca Raton: CRC Press.",,,,,,,,,,,,,,,,,,,,,,,,,
"61. Marquet, A., and Cofre, H. 1999. Large temporal and spatial scales in the structure of mammalian assemblages in South America: a macroecological approach. Oikos, 85:299-309.",,,,,,,,,,,,,,,,,,,,,,,,,
"62. Wilson, D.E., and Reeder, D.M. 1993. Mammal species of the world: a taxonomic and geographic reference, 2nd Edition. Washington, D.C.: Smithsonian Institution Press. ",,,,,,,,,,,,,,,,,,,,,,,,,
"63. Kingdon, J. 1982. East African mammals: an atlas of evolution in Africa, Volumes 1-3. Chicago: University of Chicago Press.",,,,,,,,,,,,,,,,,,,,,,,,,
"64. Yom Tov, pers. comm.",,,,,,,,,,,,,,,,,,,,,,,,,
"65. Haltenorth, T. and Diller, H. 1980. A field guide to the mammals of Africa including Madagascar. London: Collins.",,,,,,,,,,,,,,,,,,,,,,,,,
"66. Brown, J.H., and Nicoletto, F. 1991. Spatial scaling of species assemblages: body masses of North American land mammals. American Naturalist, 138:1478-1512.",,,,,,,,,,,,,,,,,,,,,,,,,
"67. Honacki, J.H., Kinman, K.E., and Koeppl, J.W. 1982. Mammal species of the world: a taxonomic and geographic reference. Lawrence: Allen Press.",,,,,,,,,,,,,,,,,,,,,,,,,
"68. Ernest, S. M. 2003. Life history characteristics of placental nonvolant mammals: ecological archives E084‐093. Ecology, 84(12), 3402-3402.",,,,,,,,,,,,,,,,,,,,,,,,,
"69. Damuth, J. 1987. Interspecific allometry of population density in mammals and other animals: the independence of body mass and population energy use. Biological Journal of the Linnean Society, 31:193-246.",,,,,,,,,,,,,,,,,,,,,,,,,
"70. Kingdon, J. 1997. The Kingdon field guide to African Mammals. San Diego: Academic Press.",,,,,,,,,,,,,,,,,,,,,,,,,
"71. Van den Bergh, M.B. and M. Kappelle. Unpublished manuscript. Diversity and distribution of small terrestrial rodents along a disturbance gradient and montane Costa Rica. (March 2003: http://rbt.ots.ac.cr/revistas/46-2/bergh.htm) ",,,,,,,,,,,,,,,,,,,,,,,,,
"72. Morand, S., Hafner, M.S., Page, R.D.M., and Reed, D.L. 2000. Comparative body size relationships in pocket gophers and their chewing lice. Biological Journal of the Linnean Society, 70:239-249.",,,,,,,,,,,,,,,,,,,,,,,,,
"73. Myers, 1995. The animal diversity web. (March 2003; http://animaldiversity.ummz.umich.edu)",,,,,,,,,,,,,,,,,,,,,,,,,
"74. Harvey, H. and Cluttonbrock, T.H. 1985. Life-history variation in primates. Evolution, 39:559-581",,,,,,,,,,,,,,,,,,,,,,,,,
"75. Wootten, J.T. 1987. The effects of body-mass, phylogeny, habitat, and trophic level on mammalian age at 1st reproduction. Evolution, 41:732-749.",,,,,,,,,,,,,,,,,,,,,,,,,
"76. Jones, J. Knox Jr., and Baldassarre, G.A. 1982. Reithrodontyomys brevirostris and Reithrodontomys paradoxus. Mammalian Species, 192:1-3. ",,,,,,,,,,,,,,,,,,,,,,,,,
"77. Jones, J. Knox Jr. 1982. Reithrodontomys spectabilis. Mammalian Species, 192:1. ",,,,,,,,,,,,,,,,,,,,,,,,,
"78. Palmeirim, J.M. and Hoffmann, R.S. 1983. Galemys pyrenaicus. Mammalian Species, 207:1-5.",,,,,,,,,,,,,,,,,,,,,,,,,
"79. Nagorsen, D. 1985. Kogia simus. Mammalian Species, 239:1-6. ",,,,,,,,,,,,,,,,,,,,,,,,,
"80. Wang, X. and Hofmann, R.S. 1987. Pseudois nayaur and Pseudois schaeferi. Mammalian Specie,s 278:1-6.",,,,,,,,,,,,,,,,,,,,,,,,,
"81. Jones, J. Knox. Jr. 1990. Peromyscus stirtoni. Mammalian Species, 361:1-2. ",,,,,,,,,,,,,,,,,,,,,,,,,
"82. Youngman, M. 1990. Mustela lutreola. Mammalian Species, 362:1-3.",,,,,,,,,,,,,,,,,,,,,,,,,
"83. Baumgardner, G.D. 1991. Dipodomys compactus. Mammalian Species, 369:1-4.",,,,,,,,,,,,,,,,,,,,,,,,,
"84. Best, T.L. and Thomas, H.H. 1991. Dipodomys insularis. Mammalian Species, 374:1-3.",,,,,,,,,,,,,,,,,,,,,,,,,
"85. Van Rompaey, H. and Colyn, M. 1992. Crossarchus ansorgei. Mammalian Species, 402:1-3",,,,,,,,,,,,,,,,,,,,,,,,,
"86. Best, T.L., Bartig, J.L., and Burt, S.L. 1992. Tamias canipes. Mammalian Species, 411:1-5.",,,,,,,,,,,,,,,,,,,,,,,,,
"87. Heath, M.E. 1992. Manis pentadactyla. Mammalian Species, 414:1-6.",,,,,,,,,,,,,,,,,,,,,,,,,
"88. Jefferson, T.A. and Newcomer, M.W. 1993. Lissodelphis borealis. Mammalian Species, 425:1-6",,,,,,,,,,,,,,,,,,,,,,,,,
"89. Best, R.C. and da Silva, V.M.F. 1993. Inia geoffrensis. Mammalian Species, 426:1-8",,,,,,,,,,,,,,,,,,,,,,,,,
"90. Burt, S.L. and Best. T.L. 1994. Tamias rufus. Mammalian Species, 460:1-6.",,,,,,,,,,,,,,,,,,,,,,,,,
"91. Kingswood, S.C. and Blank, D.A. 1996. Gazella subgutturosa. Mammalian Species, 518:1-10. ",,,,,,,,,,,,,,,,,,,,,,,,,
"92. Custodio, C.C., Lepiten, M.V. and Heaney, L.R. 1996. Bubalus mindorensis. Mammalian Species, 520:1-5",,,,,,,,,,,,,,,,,,,,,,,,,
"93. Newcomer, M.W., Jefferson, T.A., and Brownell, R.L. Jr. 1996. Lissodephis peronii. Mammalian Species, 531:1-5",,,,,,,,,,,,,,,,,,,,,,,,,
"94. Garcia-Perea, R. Ventura, J., Lopez-Fuster, J. and Gisbert, J. 1997. Soxes granarius. Mammalian Species, 554:1-4.",,,,,,,,,,,,,,,,,,,,,,,,,
"95. Sokolov, V.E. and Lushchekina, A.A. 1997. Procrapa gutterosa. Mammalian Species, 571:1-5",,,,,,,,,,,,,,,,,,,,,,,,,
"96. Lariviere, S. 1998. Lontra felina. Mammalian Species, 575:1-5",,,,,,,,,,,,,,,,,,,,,,,,,
"97. Adam, M.D. and Hayes, J. 1998. Arborimus pomo. Mammalian Species, 593:1-5.",,,,,,,,,,,,,,,,,,,,,,,,,
"98. Alvarez-Castaneda, S.T. and Yensen, E. 1999. Neotoma bryanti. Mammalian Species, 619:1-3",,,,,,,,,,,,,,,,,,,,,,,,,
"99. Norris, C.A. 1999. Phalanger lullulae. Mammalian Species, 620:1-4",,,,,,,,,,,,,,,,,,,,,,,,,
"100. Mead, J.I. and Nadachowski, A. 1999. Alticola stoliczkanus. Mammalian Species, 624:1-4.",,,,,,,,,,,,,,,,,,,,,,,,,
"101. Storz, J.F. and Wozencraft. W.C. 1999. Melogale moschata. Mammalian Species, 631:1-4",,,,,,,,,,,,,,,,,,,,,,,,,
"102. Cortes-Calva, , Alvarez-Castaneda, S.T., and Yensen, E. 2001. Neotoma anthonyi. Mammalian Species, 663:1-3",,,,,,,,,,,,,,,,,,,,,,,,,
"103. McCay, T. S. 2001. Blarina carolinensis. Mammalian Species, 673:1-7.",,,,,,,,,,,,,,,,,,,,,,,,,
"104. Fedosenko, A.K. and Blank, D.A. 2001. Capra sibirica. Mammalian Species, 675:1-13",,,,,,,,,,,,,,,,,,,,,,,,,
"105. Belcher, R.L. and Lee, T, Jr. 2002. Arctocephalus townsendi. Mammalian Species, 700:1-5.",,,,,,,,,,,,,,,,,,,,,,,,,
"106. Stuart, C. and Stuart, T. 1988. Field guide to the mammals of Southern Africa. London: New Holland Publishers. ",,,,,,,,,,,,,,,,,,,,,,,,,
"107. Dorst, J. 1969. A field guide to the larger mammals of Africa. Boston: Houghton Mifflin Company.",,,,,,,,,,,,,,,,,,,,,,,,,
"108. Kingdon, J. 1984. East African mammals. Volume IIA. Insectivores and Bats. Chicago: University of Chicago Press. ",,,,,,,,,,,,,,,,,,,,,,,,,
"109. Kingdon, J. 1984. East African mammals. Volume IIB. Hares and Rodents. Chicago: University of Chicago Press.",,,,,,,,,,,,,,,,,,,,,,,,,
"110. Flannery, T. 1995. Mammals of the Southwest Pacific and Moluccan Islands. New York: Cornell University Press.",,,,,,,,,,,,,,,,,,,,,,,,,
"111. Van Den Brink, F.H. 1968. A field guide to the mammals of Britain and Europe. Boston: Houghton Mifflin Company Boston. ",,,,,,,,,,,,,,,,,,,,,,,,,
"112. Stuart, A. J. 1999. In Extinctions in near time: causes, contexts, and consequences (R.D.E. MacPhee, ed.), 257-270. New York: Kluwer Academic/Plenum Press.",,,,,,,,,,,,,,,,,,,,,,,,,
"113. Lynch, C.D. 1994. The mammals of Lesotho. Navorsinge: Van Die Nasionale Museum Bloemfontein. (Journal of the National Museum, Bloemfontein) 10:1- 241.",,,,,,,,,,,,,,,,,,,,,,,,,
"114. Krystufek, Boris. 1991. Sesalci Slovenije. Slovenije: Prirodoslovni muzej Slovenije.",,,,,,,,,,,,,,,,,,,,,,,,,
"115. Prater, S.H. 1971. The book of Indian animals. Bombay Natural History Society. Oxford: Oxford University Press. ",,,,,,,,,,,,,,,,,,,,,,,,,
"116. Kingdon, J. 1982. Ostafrikanische Säugetiere. Frankfurt: Senckenbergische Naturforschende Gesellschaft.",,,,,,,,,,,,,,,,,,,,,,,,,
"117. Roberts, T.J. 1977. The mammals of Pakistan. London: Ernest Benn Limited",,,,,,,,,,,,,,,,,,,,,,,,,
"118. Payne, J., Frances, C.M., and Phillipps, K. 1985. A field guide to the mammals of Borneo. Kuala Lumpur: The Sabah Society with World Wildlife Fund Malaysia.",,,,,,,,,,,,,,,,,,,,,,,,,
"119. Harrison, J. 1966. An introduction to the mammals of Singapore and Malaya. Malayan Nature Society. Singapore: Tien Wah Press.",,,,,,,,,,,,,,,,,,,,,,,,,
"120. Marshall, 1967. Wild mammals of Hong Kong. Oxford: Oxford University Press.",,,,,,,,,,,,,,,,,,,,,,,,,
"121. Heaney, L.R., Balete, D.S., Rickart, E.A., Utzurrum, R.C.B., and Gonzales, C. 1999. Mammalian diversity on Mount Isarog, a threatened center of endemism of souther Luzon Island, Philippines. Fieldiana, 95: 1-62.",,,,,,,,,,,,,,,,,,,,,,,,,
"122. Rickart, E.A., Heaney, L.R., Heideman, D., Utzurrum, R.C.B. 1993. The distribution and ecology of mammals on Leyte, Biliran, and Maripipi Islands, Philippines. Fieldiana, 72:1-62.",,,,,,,,,,,,,,,,,,,,,,,,,
"123. Shukor, M.N. 1996. The mammalian fauna on the islands at the northern tip of Sabah, Borneo. Fieldiana, 83:1-51.",,,,,,,,,,,,,,,,,,,,,,,,,
"124. Stanley, W.T., Goodman, S.M., and Hutterer, R. 1996. Notes on the insectivores and elephant shrews of the Chome Forest, South Pare Mountains, Tanzania (Mammalia: Insectivora et Macroscelidea). Zoologische Abhandlungen: Staatliches Museum fur Tierkunde Dresden, 49:131-147.",,,,,,,,,,,,,,,,,,,,,,,,,
"125. Stanley, W.T., Goodman, S.M., and Kihaule, M. 1998. Results of two surveys of rodents in the Chome Forest Reserve, South Pare Mountains, Tanzania (Mammalia: Rodentia). Zoologische Abhandlungen: Staatliches Museum fur Tierkunde Dresden, 50:145-160.",,,,,,,,,,,,,,,,,,,,,,,,,
"126. Stanley, W.T. and Hutterer, R. 2000. A new species of Myosorex Gray, 1832 (Mammalia: Soricidae) from the Eastern Arc mountains, Tanzania. Bonner Zoologische Beiträge, 49:19-29.",,,,,,,,,,,,,,,,,,,,,,,,,
"127. Stanley, W.T., Goodman, S.M., Kihaule, M., and Howell, K.M. 2000. A survey of the small mammals of the Gonja forest reserve, Tanzania. Journal of East African Natural History, 89:73-83",,,,,,,,,,,,,,,,,,,,,,,,,
"128. Osborn, D.J., and Helmy, I. 1980. The contemporary land mammals of Egypt (including Sinai). Fieldiana, 5:1-579.",,,,,,,,,,,,,,,,,,,,,,,,,
"129. Smithers, R.H.N. 1983. The mammals of the southern African subregion. Pretoria: University of Pretoria Press.",,,,,,,,,,,,,,,,,,,,,,,,,
"130. Happold, D.C.D. 1987. The mammals of Nigeria. Oxford: Clarendon Press.",,,,,,,,,,,,,,,,,,,,,,,,,
"131. Pocock, R.I. 1941. The fauna of British India, including Ceylon and Burma. Mammalia. Volume II. Carnivora. London: Taylor and Francis, Ltd.",,,,,,,,,,,,,,,,,,,,,,,,,
"132. Phillips, W.W.A. 1935. Manual of the mammals of Ceylon. London: Dulau and Company, Ltd.",,,,,,,,,,,,,,,,,,,,,,,,,
"133. Blandford, W.T. 1891. The fauna of British India, including Ceylon and Burma. London: Taylor and Francis, Ltd.",,,,,,,,,,,,,,,,,,,,,,,,,
"134. MacDonald, D.W., Barrett, McDonald, D. 1993. Mammals of Britain and Europe. London: Harper and Collins.",,,,,,,,,,,,,,,,,,,,,,,,,
"135. Delany, M.J. 1975. The Rodents of Uganda. British Museum of Natural History Publication No. 764, Kettering: Staples Printers Ltd.",,,,,,,,,,,,,,,,,,,,,,,,,
"136. 1990. Grzimek's Encylopedia of Mammals, Volume 5. New York: Mcgraw Hill. ",,,,,,,,,,,,,,,,,,,,,,,,,
"136. 1990. Grzimek's Encylopedia of Mammals, Volume 5. New York: Mcgraw Hill. ",,,,,,,,,,,,,,,,,,,,,,,,,
"136. 1990. Grzimek's Encylopedia of Mammals, Volume 5. New York: Mcgraw Hill. ",,,,,,,,,,,,,,,,,,,,,,,,,
"136. 1990. Grzimek's Encylopedia of Mammals, Volume 5. New York: Mcgraw Hill. ",,,,,,,,,,,,,,,,,,,,,,,,,
"136. 1990. Grzimek's Encylopedia of Mammals, Volume 5. New York: Mcgraw Hill. ",,,,,,,,,,,,,,,,,,,,,,,,,
"141. Macdonald, D. 1985. The Encyclopedia of Mammals. New York: Facts on File Publications.",,,,,,,,,,,,,,,,,,,,,,,,,
"142. Medway, L. 1969. The wild mammals of Malaya and offshore islands including Singapore. London: Oxford University Press.",,,,,,,,,,,,,,,,,,,,,,,,,
"143. Furley, C.W. 1983. Potential Use of Gazelles for Game Ranching in the Arabian Peninsula. Lecture was delivered at the Agro-Gulf Exhibition and Conference, Abu Dhabi. (March 2003; http://enhg5.4t.com/b/b22/22_06.htm)",,,,,,,,,,,,,,,,,,,,,,,,,
144. Thai Society for the Conservation of Wild Animals. 2002. (March 2003; http://www.tscwa.org/wildlife/rare_or_extinct_09.html),,,,,,,,,,,,,,,,,,,,,,,,,
"145. Mc Farlane, D.A. 1999. Late quaternary fossil mammals and last occurrence dates from caves at Barahona, Puerto Rico. Caribbean Journal of Science, 35:238-248",,,,,,,,,,,,,,,,,,,,,,,,,
"146. Woodland Park Zoo, Seattle, WA. 2002. Woodland Park Zoo – Animal fact sheets. (March 2003; http://www.zoo.org/educate/fact_sheets).",,,,,,,,,,,,,,,,,,,,,,,,,
"147. Whitehead, K.G. 1993. The Whitehead Encyclopedia of Deer. Stillwater: Voyageur Press, Inc.",,,,,,,,,,,,,,,,,,,,,,,,,
"148. Kappeler, M., and Pereira, M.A., eds. 2003. Primate life histories and socioecology. Chicago: University of Chicago Press.",,,,,,,,,,,,,,,,,,,,,,,,,
"149. Bennet, D. and Hoffman, R.S. 1999. Equus callabus. Mammalian Species, 628:1-14.",,,,,,,,,,,,,,,,,,,,,,,,,
"150. Garbutt, M. 1999. Mammals of Madagascar. New Haven: Yale University Press.",,,,,,,,,,,,,,,,,,,,,,,,,
"151. Flannery, T. 1995. Mammals of New Guinea: Ithaca: Cornell Unversity Press.",,,,,,,,,,,,,,,,,,,,,,,,,
"152. Verts, B.J., and Carraway, L.N. 1998. Land mammals of Oregon. Berkeley: University of California Press. ",,,,,,,,,,,,,,,,,,,,,,,,,
"153. Jones, K.E., Purvis, A., and Gittleman, J.L. 2003. Biological correlates of extinction risk in bats. American Naturalist, 161:601-614.",,,,,,,,,,,,,,,,,,,,,,,,,
"154. Link Olson, 2002. in litt.",,,,,,,,,,,,,,,,,,,,,,,,,
"155. MacPhee, R.D.E. 1994. Morphology, adaptations, and relationships of Plesiorycteropus, and a diagnosis of a new order of Eutherian mammals. Bulletin of the American Museum of Natural History, 220:1-214.",,,,,,,,,,,,,,,,,,,,,,,,,
"156. Smith, F.A. 1991. Nutritional ecology and body size of Neotoma populations. PhD dissertation, University of California.",,,,,,,,,,,,,,,,,,,,,,,,,
"157. Smith, F.A. 1992 Evolution of body size among woodrats from Baja California, Mexico. Functional Ecology, 6:265-273.",,,,,,,,,,,,,,,,,,,,,,,,,
"158. Smith, FA, Bestelmeyer, B.T., Biardi, J. and Strong, M. 1993. Anthropgenic extinction of the endemic woodrat Netoma bunkeri Burt. Biodiversity Letters, 1:149-155.",,,,,,,,,,,,,,,,,,,,,,,,,
"159. Choate, J,. 2002. in litt.",,,,,,,,,,,,,,,,,,,,,,,,,
"160. Evans, R.H. Anesthesia and restraint of raccoons and relatives (Carnivora, Procyonidae). In: Zoological Restraint and Anesthesia, (D. Heard, ed.), Ithaca: International Veterinary Information Service, in press (preprint available at http://www.ivis.org/special_books/Heard/toc.asp)",,,,,,,,,,,,,,,,,,,,,,,,,
"161. Wilson, D. E. and Ruff, S. 1999. The Smithsonian book of North American mammals. Washington, D.C.: Smithsonian Institution Press.",,,,,,,,,,,,,,,,,,,,,,,,,
"162. Smithers, R. H. N. 1971. The mammals of Botswana. Museum Memoir No. 4, The Trustees of the national Museums of Rodesia. Printed by Mardon Printers Ltd., Salisbury Rhodesia. 340",,,,,,,,,,,,,,,,,,,,,,,,,
"163. Hutterer, R. and Happold, D. C. D. 1983. The shrews of Nigeria (Mammalia: Soricidae). Bonner Zoologische Monographien, Nr. 18. Zoologisches Forschungsinstitut Und Museum Alexander Koenig, Bonn. 79",,,,,,,,,,,,,,,,,,,,,,,,,
"164. Davies, Glyn, Matt Heydon, Nigel Leader-Williams, John MacKinnon, and Helen Newing. 2001. The effects of logging on forest ungulates. Ch. 5 (www.earthscape.org/r3/ES14447/fimb_ch5.pdf ) pg. 93-124 in: The Cutting Edge: Conserving Wildlife in Logged Tropical Forests (Robert A. Fimbel, John G. Robinson, Alejandro eds. Grajal, eds.). Columbia university press. ",,,,,,,,,,,,,,,,,,,,,,,,,
"165. Brook, B. W., and M. J. S. Bowman. 2004. The uncertain blitzkrieg of Pleistocene megafauna. Journal of Biogeography 31:517-523.",,,,,,,,,,,,,,,,,,,,,,,,,
"166. Daniel, M. J. 1990. New Zealand long-tailed bat. 117-122 IN: The handbook of New Zealand Mammals (C. M. King, ed.). Oxford University Press, Oxford. 600",,,,,,,,,,,,,,,,,,,,,,,,,
"167. Zhang, Y., Zhang, Z., and Liu, J. 2003. Burrowing rodents as ecosystem engineers: the ecology and management of plateau zokors Myospalax fontanierii in alpine meadow ecosystems on the Tibetan Plateau. Mammal Rev . Volume 33, No. 3, 284–294. ",,,,,,,,,,,,,,,,,,,,,,,,,
"168. Gombobaatar, S., Sumiya, D., Samiya, R., Bayarlkhagva, D. 2003. Current research and future trends of cooperative raptor research between Mongolia and Korea. Symposium on Cooperation between Korea and Mongolia for Wildlife Conservation.",,,,,,,,,,,,,,,,,,,,,,,,,
"169. Nechay, Gabor. 2000. Status of Hamsters: Cricetus cricetus, Cricetus migratorius, Mesocricetus Newtoni and other hamster species in Europe     Nature and Environment Series, No. 106 1-73.",,,,,,,,,,,,,,,,,,,,,,,,,
"170. Liu, J.S., Wang, D.H., Sun, R.Y. Metabolism and thermoregulation in striped hamsters(Cricetulus barabensis)from the Northeast of China. Acta Zoologica Sinica, Aug. 2003, 49(4):451 - 457",,,,,,,,,,,,,,,,,,,,,,,,,
"171. Koh, H.S., Chun, T.Y., Yoo, H.S., Zhang, Y., Wang, J., Zhang, M., and Wu, C.H. 2001. Mitochondrial Cytochrome b Gene Sequence Diversity in the Korean Hare, Lepus coreanus Thomas (Mammalia, Lagomorpha) Biochemical Genetics 39 (11-12): 417-429, December 2001",,,,,,,,,,,,,,,,,,,,,,,,,
"172. Christiane Mauget, Robert Mauget, and Antoine Sempéré. 1999. Energy expenditure in European roe deer fawns during the suckling period and its relationship with maternal reproductive cost. Can. J. Zool. 77: 389–396.",,,,,,,,,,,,,,,,,,,,,,,,,
"173. LI, J.S., Song,Y.L. and Zeng, Z.G. . 2003. Elevational gradients of small mammal diversity on the northern slopes of Mt. Qilian, China Global Ecology & Biogeography (2003) 12 , 449–460 ",,,,,,,,,,,,,,,,,,,,,,,,,
174. www.iiasa.ac.at/~sendzim/MammalDataSets/ Trop%20Wet%20Forest%20Mamm.xls - Supplemental Result,,,,,,,,,,,,,,,,,,,,,,,,,
"175. Steinlechner, S. 1998. Djungarian hamster and/or Siberian hamster: who is who? Reprinted from European Pineal Society NEWS, 1998, number 38 (April): 7-11",,,,,,,,,,,,,,,,,,,,,,,,,
"176. Cofikun, Y., Ulutürk, S. 2003. Observations on the Mole Vole, Ellobius lutescensThomas 1897, (Mammalia: Rodentia) in Turkey Research Article Turk J Zool 27, 81-87",,,,,,,,,,,,,,,,,,,,,,,,,
"177. Charudutt Mishra1,2, Sipke E. Van Wieren1, Ignas M. A. Heitkönig1 and Herbert H. T. Prins1 (2002) A theoretical analysis of competitive exclusion in a Trans-Himalayan large-herbivore assemblage Animal Conservation 5, 251–258 ©2002 The Zoological Society of London ",,,,,,,,,,,,,,,,,,,,,,,,,
"178. Juskaitis, Rimvydas. 1999. Pygmy field mouse (Apodemus uralensis pallas): a new mammal species in lithuania. Acta Zoologica lituanica. Biodiversity. 9: 118-119.",,,,,,,,,,,,,,,,,,,,,,,,,
"179. Chevret, , Jenkins, , and Catzeflis, F. 2003. Evolutionary systematics of the Indian mouse Mus famulus Bonhote, 1898: molecular (DNA/DNA hybridization and 12S rRNA sequences) and morphological evidence Zoological Journal of the Linnean Society , 137, 385–401.",,,,,,,,,,,,,,,,,,,,,,,,,
"180. Ochocinska, D. and Taylor, J. R. E. 2003. Bergmann's rule in shrews: geographical variation of body size in Palearctic Sorex species. Biological Journal of the Linnean Society. 78. 365-381.",,,,,,,,,,,,,,,,,,,,,,,,,
"181. Barrioneuvo, F. J., Zurita, F., Burgos, M. and Jimenez, R. 2004. Developmental stages and growth rate of the mole Talpa occidentalis (Insectivora, Mammalia). Journal of Mammalogy. 85:120-125. ",,,,,,,,,,,,,,,,,,,,,,,,,
"182. Sara, M. and Morand, S. 2002. Island incidence and mainland population density: mammals from Mediterranean islands. Diversity and Distributions. 8:1-9.",,,,,,,,,,,,,,,,,,,,,,,,,
"183. Alves, C., and Rocha, A. 2003. Environmental factors have little influence on the reproductive activity of the Iberian hare (Lepus granatensis). Wildlife Research. 30:639-647.",,,,,,,,,,,,,,,,,,,,,,,,,
"184. Vinogradov, A.E., Anatskaya, O.V., and Kudryavtsev, B. N. 2001. Relationship of hepatocyte ploidy levels with body size and growth rate in mammals. Genome 44: 350-360.",,,,,,,,,,,,,,,,,,,,,,,,,
"185. Sutou, S. Mitsui, Y., Tsuchiya, K. 2001. Sex determination without the Y chromosome in two japanese rodents Tokudaia osimensis osimensis and Tokudaia osimensis s Mammalian Genome. 12:17-21. ",,,,,,,,,,,,,,,,,,,,,,,,,
"186. Hoffmann, R.S . 1996. A research information system for mammals with Palaearctic examples. in: Conserving China's Biodiversity (II) (PETER Johan Schei, WANG Sung and XIE Yan eds.). China Environmental Science Press. Beijing. 231-246p",,,,,,,,,,,,,,,,,,,,,,,,,
"187. Tchabovsky, A. and Bazykin, G. 2004. Females delay dispersal and breeding in a solitary gerbil, Meriones tamariscinus. Journal of Mammalogy. 85:105-112.",,,,,,,,,,,,,,,,,,,,,,,,,
"188. Degen, A. A., Kam. M, Khokhlova, I. S., Krasnov, B. R., and Barraclough, T. G. 1998. Average daily metabolic rate of rodents: habitat and dietary comparisons. Functional Ecology 12:63-73.",,,,,,,,,,,,,,,,,,,,,,,,,
"189. Qolak, E., Yigit, N., and Sozen, M. 1998. A study on taxonomic status of Microtus subterraneus (de Selys Longchamps, 1836) and Microtus majori Thomas, 1906 (Mammalia: Rodentia) in Turkey. Turkey Journal of Zoology. 22: 119-129.",,,,,,,,,,,,,,,,,,,,,,,,,
"190. Haim, A., Shabtay, A. and Arad, Z. 1999. The thermoregulatory and metabolic responses to photoperiod manipulations of the Macedonian mouse (Mus macedonicus), a post-fire invader. Journal of Thermal Biology 24: 279-286.",,,,,,,,,,,,,,,,,,,,,,,,,
"191. Yigit, N. Qolak, E. Qolak, R., Ozkan, B. and Ozkurt, S. 2003. ON THE TURKISH POPULATIONS OF DRYOMYS NITEDULA (PALLAS, 1779) AND DRYOMYS LANIGER FELTEN AND STORCH, 1968 (MAMMALIA: RODENTIA). Acta Zoologica Academiae Scientiarum Hungaricae 49 (Suppl. 1), 147-158. Available at: http://216.239.57.104/search?q=cache:2mznwwa3v-8J:zoo.zoo.nhmus.hu/publication/actazool/49/S1/yigit.pdf+Dryomys+laniger+weight&hl=en",,,,,,,,,,,,,,,,,,,,,,,,,
"192. ""Desert Dormouse."" Encyclopædia Britannica. 2004. Encyclopædia Britannica Premium Service. 26 July 200 <http://www.britannica.com/eb/article?eu=68394>.",,,,,,,,,,,,,,,,,,,,,,,,,
"193. Zahler, 1996. Rediscovery of the woolly flying squirrel (Eupetaurus cinereus). Journal of Mammalogy. 77:54-57.",,,,,,,,,,,,,,,,,,,,,,,,,
"194. Iriarte-Diaz, J. 2002. Differential scaling of locomotor performance in small and large terrestrial mammals. The Journal of Experimental Biology. 205:2897-2908.",,,,,,,,,,,,,,,,,,,,,,,,,
"195. Yigit, N. Qolak, E., Sozen, M. and Ozkurt, S. 2000. A study on the hibernation of Spermophilus xanthoprymnus (Bennet, 1835) (Mammalia: Rodentia) in Turkey. Turkey Journal of Zoology. 24: 87-93.",,,,,,,,,,,,,,,,,,,,,,,,,
"196. Woodland savanah mammals (excel file) Available at: 
www.iiasa.ac.at/~sendzim/MammalDataSets/ Woodland%20Savanna%20Mamm.xls",,,,,,,,,,,,,,,,,,,,,,,,,
"197. Panteleev, A. 2002. Justified predictions about new (different) species comfirm the theory. Russian Journal of Ecology 34:141-143.",,,,,,,,,,,,,,,,,,,,,,,,,
"198. Dippenaar, M.J. 1995. Geographic variation in Myosorex longicaudatus (soricidae) in the Southern Cape Province, South Africa. Journal of Mammalogy 76:1071-1087.",,,,,,,,,,,,,,,,,,,,,,,,,
"199. Aeschimann, J., Bourquin, L., Engels, B., Thomas, C. and Vogel, 1998. Comparative winter thermoregulation and body temperature in three sympatric Apodemus species (A. alpicola, A. flavicollis, and A. sylvaticus). Z. Säugetierkunde. 63. 273-284. ",,,,,,,,,,,,,,,,,,,,,,,,,
"200. Yeboah, S. and Dakwa, K. B. 2002. Aspects of the feeding habits and reproductive biology of the Ghana mole-rat Cryptomys zechi (Rodentia, Bathyergidae). African Journal of Ecology. 40:110-119.",,,,,,,,,,,,,,,,,,,,,,,,,
"201. Lacas. S., Allevard, A. M., Ag'Atteinine, S., Gallo-Bona, N., Gauquelin-Koch, G., Hardin-Pouzet, H., Gharib, C., Sicard, B., and Maurel, D. 2000. Cardiac Natriuretic peptide response to water restriction in the hormonal adaptation of two semidesert rodents from West Africa (Steatomys caurinus, Taterillus gracilis). General and Comparative Endocrinology. 120:176-189.",,,,,,,,,,,,,,,,,,,,,,,,,
"202. Key, N. Cervus alfredi (Visayan spotted deer). [28 July 2004; online] Available at : http://animaldiversity.ummz.umich.edu/site/accounts/information/Cervus_alfredi.html",,,,,,,,,,,,,,,,,,,,,,,,,
"203. Edmison, N. Melogale everetti (Everett's ferret-badger). [29 July 2004; online] Available at: http://animaldiversity.ummz.umich.edu/site/accounts/information/Melogale_everetti.html.",,,,,,,,,,,,,,,,,,,,,,,,,
"204. Costa, D. and Gales, N. J. 2000. Foraging energetics and diving behavior of lactating New Zealand sea lions, Phocarctos hookeri. The Journal of Experimental Biology. 203: 3655-3665.",,,,,,,,,,,,,,,,,,,,,,,,,
"205. Cockrum, E. L. 1977. Status of the hairy footed gerbil, Gerbillus latastei Thomas and Trouessart. Mammalia 41: 75-80.",,,,,,,,,,,,,,,,,,,,,,,,,
"206. Pearch, M. J., Bates, J. J., Magin, C. 2001. A review of the small mammal fauna of Djibouti and the results of a recent survey. Mammalia 65: 387-409",,,,,,,,,,,,,,,,,,,,,,,,,
"207. Dieterlen, F. and Van Der Straeten, E. 1984. New specimens of Malacomys vershureni from Eastern Zaïre (Mammalia, Muridae). Revue de Zoologie Africaine. 98(4): 861-868.",,,,,,,,,,,,,,,,,,,,,,,,,
"208. Lazell, J., Lu, W., Xia, W., Li, S. Y., and Smith, A. 1995. Status of the Hainan Hare. Species 25: Available at: http://www.ualberta.ca/~dhik/lsg/speciesreports.htm#December%201995,%20Number%2025.",,,,,,,,,,,,,,,,,,,,,,,,,
"209. McFarlane, D. A. 1999. A note on dimorphism in Nesophontes edithae (Mammalia: Insectivora), an extinct island-shrew from Puerto Rico. Caribbean Journal of Science. 35:142-143.",,,,,,,,,,,,,,,,,,,,,,,,,
"210. Mathieson, L. 2002. ""Pentalagus furnessi"" (On-line), Animal Diversity Web. Accessed July 30, 2004 at http://animaldiversity.ummz.umich.edu/site/accounts/information/Pentalagus_furnessi.html.",,,,,,,,,,,,,,,,,,,,,,,,,
"211. Rowe, N. 1996. The Pictorial Guide to the Living Primates. Pogonias Press: East Hampton, New York.",,,,,,,,,,,,,,,,,,,,,,,,,
"212. Verheyen, W. N. 1964. Description of Lophuromys rahmia new species of Murdiae from Central Africa. Revue de Zollogie et de Botanique Africaines 28: 206-213",,,,,,,,,,,,,,,,,,,,,,,,,
"213. Kitchener, A.C., Clegg, T., Thompson, N. M. J., Wiik, H. and MacDonald, A. A. 1993. First records of the Malay civit, Viverra tangalunga Gray, 1832, on Seram with notes on the Seram bandicoot Rhynchomeles prattorum Thomas, 1920. Z. Säugetierkunde 58: 378-380.",,,,,,,,,,,,,,,,,,,,,,,,,
"214. Dobigny, G., Gradjon, L. Aniskin, V. Ba, K. and Volobouev, V. 2003. A new sibling species of Taterillus (Muridae, Gerbillinae) from West Africa. Mammalian Biology 68:299-316.",,,,,,,,,,,,,,,,,,,,,,,,,
"215. Burton, J. A., and Pearson, B. 1987. The collins guide to the rare mammals of the world. The Stephen Greene Press. Lexington, Massachusetts. 240",,,,,,,,,,,,,,,,,,,,,,,,,
"216. White, C. R., and Seymour, R. S. 2003. Mammalian basal metabolic rate is proportional to body mass^2/3. PNAS 100:4046-4049.",,,,,,,,,,,,,,,,,,,,,,,,,
"217. Yom-Tov, Y., and Dayan, T. 1996. Body mass overlap and interspecific interference competition among desert gerbils? Oikos 75:536-538.",,,,,,,,,,,,,,,,,,,,,,,,,
"218. McCain, C. M. and R. M. Timm. Sigmodontomys aphrastus (Rodentia: Muridae): Re-evaluation and re-description of the species. For Submittal to Proceedings of the Biological Society of Washington.",,,,,,,,,,,,,,,,,,,,,,,,,
"219. Dos Reis, S. F. and L. M. Pessoa. 2004. Thrichomys apereoides. Mammalian Species No. 741, 1-5. The American Society of Mammalogists.",,,,,,,,,,,,,,,,,,,,,,,,,
"220. Gillihan, S. W. and K. R. Foresman. 2004. Sorex vagrans. Mammalian Species no. 744: 1-5. The American Society of Mammalogists. ",,,,,,,,,,,,,,,,,,,,,,,,,
"221. Herron, M. D. and J. M. Waterman. 2004. Xerus erythropus. Mammalian Species No. 748:1-4. The American Society of Mammalogists.",,,,,,,,,,,,,,,,,,,,,,,,,
"222. Woodman, N., and R. M. Timm. 1999. Geographic variation and evolutionary relationships among broad-clawed shrews of the Cryptotis goldmani-group (Mammalia: Insectivora: Soricidae). Fieldiana: Zoology (new series) 91:1–35.",,,,,,,,,,,,,,,,,,,,,,,,,
"223. Pine, R. H., N. Woodman, and R. M. Timm. 2002. Rediscovery of Enders’s small-eared shrew, Cryptotis endersi (Insectivora: Soricidae), with a redescription of the species. Mammalian Biology 67:372 –377.",,,,,,,,,,,,,,,,,,,,,,,,,
"224. Woodman, N. 2000. Cryptotis merriami Choate in Costa Rica: syntopy with Cryptotis nigrescens (Allen) and possible character displacement. Caribbean Journal of Science 36(3–4): 289–299. ",,,,,,,,,,,,,,,,,,,,,,,,,
"225. Woodman, N., and R. M. Timm. 1993. Intraspecific and interspecific variation in the Cryptotis nigrescens species complex of small-eared shrews (Insectivora: Soricidae), with the description of a new species from Colombia. Fieldiana: Zoology (new series), 74:1–30.",,,,,,,,,,,,,,,,,,,,,,,,,
"226. Goodman, S.M., Hutterer, R., and R. Ngnegueu. 2001. A report on the community of shrews (Mammalia: Soricidae) occurrring in the Minkebe Forest, northeastern Gabon. Mammalian Biology 66:22-34.",,,,,,,,,,,,,,,,,,,,,,,,,
"227. OHDACHI, A. 1992. Female reproduction in three species of Sorex in Hokkaido, Japan. Journal of Mammalogy 73:455-457.",,,,,,,,,,,,,,,,,,,,,,,,,
"228. Withers, C. 2000. Metablic physiology of Notoryctes caurinus. Australian Journal of Zoology 48:241-258.",,,,,,,,,,,,,,,,,,,,,,,,,
229. www.animalinfo.org/species/crypzyli.htm (August 2004),,,,,,,,,,,,,,,,,,,,,,,,,
230. www.animalinfo.org/species/chryvisa.htm (August 2004),,,,,,,,,,,,,,,,,,,,,,,,,
231. Www. Columbia.edu/~kj2107/research/databases/jonesbraindata.htm (August 2004),,,,,,,,,,,,,,,,,,,,,,,,,
232. Www.it is.usda.gov/servlet/singlerpt/singlerpt?search_topic=aus (August 2004),,,,,,,,,,,,,,,,,,,,,,,,,
"233. Jass, C. N. and Mead, J. I. 2004. Capricornis crispus. Mammalian Species No. 750, 1-10. The American Society of Mammalogists.",,,,,,,,,,,,,,,,,,,,,,,,,
"234. Waterman, J. M. and Herron, M. D. 2004. Xerus princeps. Mammalian Species No. 751, 1-3. The American Society of Mammalogists.",,,,,,,,,,,,,,,,,,,,,,,,,
"235. Haynes, M. A. and Lee Jr., T. E. 2004. Artibeus obscurus. Mammalian Species No. 752, 1-5. The American Society of Mammalogists.",,,,,,,,,,,,,,,,,,,,,,,,,
"236. Cain III, J. W., Krausman, R. and Germaine, H. L. 2004. Antidorcas marsupialis. Mammalian Species No. 753, 1-7. The American Society of Mammalogists.",,,,,,,,,,,,,,,,,,,,,,,,,
"237. Hunt, J. L., Morris, J. E., and Best, T. L. 2004. Nyctomys sumichrasti. Mammalian Species No. 754, 1-6. The American Society of Mammalogists.",,,,,,,,,,,,,,,,,,,,,,,,,
"238. Maston, J. O., and McCarthy, T. J. 2004. Sturnira mordax. Mammalian Species No. 755, 1-3. The American Society of Mammalogists.",,,,,,,,,,,,,,,,,,,,,,,,,
"239. Bennett, N. C. and Jarvis, J. U. M. 2004. Cryptomys damarensis. Mammalian Species No. 756, 1-5. The American Society of Mammalogists.",,,,,,,,,,,,,,,,,,,,,,,,,
"240. Hwang, Y. T. and Lariviére, S. 2004. Mydays marchei. Mammalian Species No. 757, 1-3. The American Society of Mammalogists.",,,,,,,,,,,,,,,,,,,,,,,,,
"241. Spotorno, A. E., Zuleta, C. A., Valladares, J. , Deane, A. L., and Jiménez, J. E. 2004. Chinchilla laniger. Mammalian Species No. 758, 1-9. The American Society of Mammalogists.",,,,,,,,,,,,,,,,,,,,,,,,,
"242. Woodman, N. And Díaz de Pascual, A. 2004. Cryptotis meridensis. Mammalian Species No. 761, 1-5. The American Society of Mammalogists.",,,,,,,,,,,,,,,,,,,,,,,,,
"243. Stanley, W.T. and Olson, L. E. 2005. Phylogeny, phylogeography, and geographic variation of Sylvisorex howelli (Family Soricidae), an endemic shrew of the Eastern Arc Mountains, Tanzania. Journal of Zoology (in press)",,,,,,,,,,,,,,,,,,,,,,,,,
"244. Goodman, S. M., and Hutterer, R. 2004. A report on the shrews (Mammalia: Soricidae) of Monts Doudou, Gabon: Elevational Distribution and preliminary insights into their ecology. California Academy of Sciences Memoir. 28: 93-105.",,,,,,,,,,,,,,,,,,,,,,,,,
"245. Aguirre, L. F., Herrel, A., van Damme, R. and Matthysen, E. 2002. Ecomorphological analysis of trophic niche partitioning in a tropical savannah bat community.",,,,,,,,,,,,,,,,,,,,,,,,,
"246. Lim, B. K. and Engstrom, M. D. 2001. Bat community structure at Iwokrama Guyana. Journal of Tropical Ecology. 17:647-665.",,,,,,,,,,,,,,,,,,,,,,,,,
"247. McCarthy, T. J., Albuja V., L. And Manzano, I. 2000. Rediscovery of the brown sac-wing bat Balantiopteryx infusca (Thomas, 1897), in Ecuador. Journal of Mammalogy. 81: 958-961.",,,,,,,,,,,,,,,,,,,,,,,,,
"248. Dávalos, L. M. 2004. New Chocoan species of Lonchophylla (Chiroptera: Phyllostomidae). American Museum Novitates. Number 3426:1-14.",,,,,,,,,,,,,,,,,,,,,,,,,
"249. Fenton, M. B., Bernard, E., Bouchard, S., Hollis, L., Johnston, D. S., Lausen, C. L., Ratcliffe, J. M., Riskin, D. K., Taylor, J. R., and Zigouris, J. 2001. The bat fauna of Lamanai, Belize: roosts and trophic roles. Journal of Tropical Ecology. 17:511-524.",,,,,,,,,,,,,,,,,,,,,,,,,
"250. Ibañez, C. Ramo, C. and Busto, B. 1992. Notes on the food habits of the black and white owl. Condor 94:529-531.",,,,,,,,,,,,,,,,,,,,,,,,,
"251. Canaals, M. Iriarte-Díaz, J., Olivares, R., and Novoa, F. 2001. Comparison of the wing morphology of Tadarida brasiliensis (Chiroptera: Molossidae) and Myotic chiloensis (Chiroptera: Vespertilionidae) as representatives of two flight patterns. Revista Chilena de Historia Natural. 74: 699-704",,,,,,,,,,,,,,,,,,,,,,,,,
"252. Riskin, D. K. and Fenton, M. B. 2001. Sticking ability in Spix's disk-winged bat, Thyroptera tricolor (Microchioptera: Thyropteridae). Canadian Journal of Zoology 79:2261-2267.",,,,,,,,,,,,,,,,,,,,,,,,,
"253. Flannery, T. 1995a. Mammals of the South-West Pacific & Moluccan Islands. Comstock/Cornell, Ithaca NY, USA",,,,,,,,,,,,,,,,,,,,,,,,,
"254. Webster, W. D. and Knox Jr., J. J. 1983. Artibeus hirsutus and Artibeus inopinatus. Mammalian Species No. 199:1-3. The American Society of Mammalogists.",,,,,,,,,,,,,,,,,,,,,,,,,
"255. Bouchard, S. 2001. Chaerephon ansorgei. Mammalian Species No. 660:1-3. The American Society of Mammalogists.",,,,,,,,,,,,,,,,,,,,,,,,,
"256. Young, R. A. and Ford, G. I. 2000. Bat fauna of a semi-arid environment in central western Queensland, Australia. Wildlife Research. 27:203-215.",,,,,,,,,,,,,,,,,,,,,,,,,
"257. Yasuma, S., Andau, M., Apin, L. Tuh Yit Yu, F., and Kimsui, L. 2003. Identification keys to the mammals of Borneo. Bornean Biodiversity & Ecosystem conservation programme in Sabah. Park Management Component BBEC Programme.",,,,,,,,,,,,,,,,,,,,,,,,,
"258. Kitchener, D. J., and Maharadtunkamsi. 1996. Geographic variation in morphology of Cynopterus nusatenggara (Chiroptera; Pteropodidae) in south-eastern Indonesia and description of two new subspecies. Mammalia. Vol:60, page:255-276. 1996 1996. ",,,,,,,,,,,,,,,,,,,,,,,,,
"259. Bonaccorso, F. J. 1998. Bats of Papua New Guinea. Conservation International Tropical Field guide Series 2. Conservation International, Washington D. C.",,,,,,,,,,,,,,,,,,,,,,,,,
"260. Taylor, 1998. The smaller mammals of KwaZulu-Natal. University of Natal Press. Pietermaritzburg",,,,,,,,,,,,,,,,,,,,,,,,,
"261. Goodwin, G. G. and Greenhall, A. M. 1961. A review of the bats of Trinidad and Tobago: Descriptions, rabies infection, and ecology. Bulletin of the American Museum of Natural History. 122:191-301.",,,,,,,,,,,,,,,,,,,,,,,,,
"262. Harrison, D. L., and Bates, J. J. 1991. The mammals of Arabia. Second edition. Harrison Zoological Museum. Sevenoaks, Kent, England.",,,,,,,,,,,,,,,,,,,,,,,,,
"263. Rosevear, D. R. 1969. The rodens of west Africa. The British Museum (Natural History). London, England.",,,,,,,,,,,,,,,,,,,,,,,,,
"264. Álvarez-Castañeda, S. T. 2005. Peromyscus winkelmanni. Mammalian Species No. 765:1-3. The American Society of Mammalogists.",,,,,,,,,,,,,,,,,,,,,,,,,
"265. Mantooth, S. J. and Best, T. L. 2005. Chaetodipus penicillatus. Mammalian Species No. 767:1-7. The American Society of Mammalogists.",,,,,,,,,,,,,,,,,,,,,,,,,
"266. Krausman, R. and Morales, S. M. 2005. Acinonyx jubatus. Mammalian Species No. 771:1-6. The American Society of Mammalogists.",,,,,,,,,,,,,,,,,,,,,,,,,
"267. Adam, J. Lobodon carcinophaga. Mammalian Species No. 772:1-14. The American Society of Mammalogists.",,,,,,,,,,,,,,,,,,,,,,,,,
"268. Álvarez-Castañeda, S. T., and Méndez, L. 2005. Peromyscus madrensis. Mammalian Species No. 774:1-3. The American Society of Mammalogists.",,,,,,,,,,,,,,,,,,,,,,,,,
"269. Barnett, A. A. 2005. Cacajao melanocephalus. Mammalian Species No. 776:1-6. The American Society of Mammalogists.",,,,,,,,,,,,,,,,,,,,,,,,,
"270. Rosi, M. I., Cona, M. I., Roig, V. G., Massarini, A. I., and Verzi, D. H. 2005. Ctenomys mendocinus. Mammalian Species No. 777:1-6. The American Society of Mammalogists.",,,,,,,,,,,,,,,,,,,,,,,,,
"271. Mancina, C.A. 2005. Pteronotus macleayii. Mammalian Species No. 778: 1-3. The American Society of Mammalogists.",,,,,,,,,,,,,,,,,,,,,,,,,
"272. Gorsuch, W. A., and Lariviére, S. 2005. Vormela peregusna. Mammalian Species No. 779:1-5. The American Society of Mammalogists.",,,,,,,,,,,,,,,,,,,,,,,,,
"273. Barreto, G. R., and García-Rangel, S. 2005. Holochilus sciureus. Mammalian Species No. 780:1-5. The American Society of Mammalogists.",,,,,,,,,,,,,,,,,,,,,,,,,
"274. Skurski, D. A., and Waterman, J. M. 2005. Xerus inauris. Mammalian Species No. 781:1-4. The American Society of Mammalogists",,,,,,,,,,,,,,,,,,,,,,,,,
"275. Yamada, F. and Cervantes, F. A. 2005. Pentalagus furnessi. Mammalian Species No. 782:1-5. The American Society of Mammalogists.",,,,,,,,,,,,,,,,,,,,,,,,,
"276. De Mello Beisiegel, B. and Zuercher, G. L. 2005. Speothos venaticus. Mammalian Species No. 783:1-6. The American Society of Mammalogists.",,,,,,,,,,,,,,,,,,,,,,,,,
"277. Lausen, C. L. and Barclay, R. M. R. 2005. Pipistrellus nanus. Mammalian Species No. 784:1-7. The American Society of Mammalogists",,,,,,,,,,,,,,,,,,,,,,,,,
"278. Hernández-Meza, B., Domínguez-Castellanos, Y. and Ortega, J. 2005. Mammalian Species No. 785:1-3. The American Society of Mammalogists",,,,,,,,,,,,,,,,,,,,,,,,,
"279. Hwang, Y. T., and Lariviére, S. 2005. Lutrogale perspicillata. Mammalian Species No. 786:1-4. The American Society of Mammalogists",,,,,,,,,,,,,,,,,,,,,,,,,
"280. Sherwin, R. E. and Gannon, W. L. 2005. Ariteus flavescens. Mammalian Species No. 787:1-3. The American Society of Mammalogists",,,,,,,,,,,,,,,,,,,,,,,,,
"281. Lim, B. K., and Engstrom, M. D. 2001. Species diversity of bats (Mammalia: Chiroptera) in Iwokrama Forest, Guyana, and the Guianan subregion: implications for conservation. Biodiversity and Conservation 10:613-657.",,,,,,,,,,,,,,,,,,,,,,,,,
"282. Webala, W., Oguge, N. O. and Bekele, A. 2004. Bat species diversity and distribution in three vegetation communities of Meru National Park, Kenya. African Journal of Ecology 42: 171-179.",,,,,,,,,,,,,,,,,,,,,,,,,
"283. Wang, J-M, Zhang, Y-M, Wang, D-H. 2006. Seasonal thermogenesis and body mass regulation in plateau pikas (Ochotona curzoniae).",,,,,,,,,,,,,,,,,,,,,,,,,
284. Van Valkenburgh et al. 1990. Journal of Vertebrate Paleontology 10(4). ,,,,,,,,,,,,,,,,,,,,,,,,,
"285. Johnson, W.E. et al. 2006. The Late Miocene radiation of modern Felidae: A genetic assessment (abstract). Science 311 (5757): 73–77",,,,,,,,,,,,,,,,,,,,,,,,,
"286. Eric Scott, pers. Comm.; Christian Barron-Ortiz, pers. Comm. June 2014",,,,,,,,,,,,,,,,,,,,,,,,,
"287. Leconte, J.L. 1848. American Journal of Science and Arts, second series V:102-106.",,,,,,,,,,,,,,,,,,,,,,,,,
"288. Soibelzon, L. H., & Schubert, B. W. 2011. The largest known bear, Arctotherium angustidens, from the early Pleistocene pampean region of Argentina: with a discussion of size and diet trends in bears. Journal of Paleontology, 85(1), 69-75.",,,,,,,,,,,,,,,,,,,,,,,,,
"289. Jones, K.E., Bielby, J., Cardillo, M., Fritz, S.A., O'Dell, J., Orme, C.D.L., Safi, K., Sechrest, W., Boakes, E.H., Carbone, C. and Connolly, C., 2009. PanTHERIA: a species‐level database of life history, ecology, and geography of extant and recently extinct mammals: Ecological Archives E090‐184. Ecology, 90(9), 2648-2648.",,,,,,,,,,,,,,,,,,,,,,,,,
"290. Gadiana, M. J. C. ""The Philippine bare-backed fruit bat Dobsonia chapmani Rabor, 1952: Rediscovery and conservation status on Cebu Island."" Silliman Journal 45.2 (2004).",,,,,,,,,,,,,,,,,,,,,,,,,
"291. Helgen, K. M., Kock, D., Gomez, R. K. S. C., Ingle, N. R., & Sinaga, M. H. (2007). Taxonomy and natural history of the Southeast Asian fruit-bat genus Dyacopterus. Journal of Mammalogy, 88(2), 302-318.",,,,,,,,,,,,,,,,,,,,,,,,,
"292. Rounsevell, D. E., & Mooney, N. 1995. Thylacine. The Mammals of Australia, New Holland Publishers, Australia, 164-165.",,,,,,,,,,,,,,,,,,,,,,,,,
"293. Guiler, E. R. 1985. Thylacine: the tragedy of the Tasmanian tiger. Oxford University Press.",,,,,,,,,,,,,,,,,,,,,,,,,
"294. Turvey, S. T. (Ed.). 2009. Holocene extinctions. OUP Oxford.",,,,,,,,,,,,,,,,,,,,,,,,,
"295. Helgen, K. M., Wells, R. T., Kear, B. , Gerdtz, W. R., & Flannery, T. F. 2006. Ecological and evolutionary significance of sizes of giant extinct kangaroos. Australian Journal of Zoology, 54(4), 293-303.",,,,,,,,,,,,,,,,,,,,,,,,,
"296. Lydekker, R. 1894. Contributions to a knowledge of the fossil vertebrates of Argentina. Taller de publicaciones del Museo.",,,,,,,,,,,,,,,,,,,,,,,,,
"297. Van Frank, R., & Simpson, G. G. 1957. A fossil collection from northern Venzuela. 1, Toxodontidae (Mammalia, Notoungulata). American Museum novitates; no. 1850.",,,,,,,,,,,,,,,,,,,,,,,,,
"298.Czerwonogora, A., & Fariña, R. A. 2013. How many Pleistocene species of Lestodon (Mammalia, Xenarthra, Tardigrada)?. Journal of Systematic Palaeontology, 11(2), 251-263.
",,,,,,,,,,,,,,,,,,,,,,,,,
"299. Carleton, M.D. and Olson, S.L. 1999. Amerigo Vespucci and the rat of Fernando de Noronha: a new genus and species of Rodentia (Muridae, Sigmodontinae) from a volcanic island off Brazil's continental shelf. American Museum Novitates 3256:1–59.",,,,,,,,,,,,,,,,,,,,,,,,,
"300. Voss, R.S., Lunde, D. & Simmons, N.B. 2001, The mammals of Paracou, French Guiana, a Neotropical lowland rainforest fauna. Part 2, Nonvolant species. Bulletin of the AMNH ; no. 263. http://hdl.handle.net/2246/386",,,,,,,,,,,,,,,,,,,,,,,,,
"301. Asfora, H., Palma, A. R. T., Astúa, D., & Geise, L. 2011. Distribution of Oecomys catherinae Thomas, 1909 (Rodentia: Cricetidae) in northeastern Brazil with karyotypical and morphometrical notes. Biota Neotropica, 11(2), 415-424.
",,,,,,,,,,,,,,,,,,,,,,,,,
"302. Weksler M.A., Bonvicino C.R. Taxonomy of pigmy rice rats genus Oligoryzomys Bangs, 1900 (Rodentia, Sigmodontinae) of the Brazilian Cerrado, with the description of two new species. Arquivos do Museu Nacional. 2005 Jan;63(1):113-30.
",,,,,,,,,,,,,,,,,,,,,,,,,
"303. Bonvicino, C., Lemos, R.B. & Weksler, M. 2005. Small Mammals of Chapada dos Veadeiros National Park (Cerrado of Central Brazil): Ecologic, karyologic, and taxonomic considerations. Bra­zilian Journal of Biology, 65, 3: 395-406., Cáceres, N.C., Bornschein, W.H., Lopes, M.R. & Percequillo, A.R. 2007. Mammals of the Bodo- quena Mountains, southwestern Brazil: an ecological and conservation analysis. Revista Brasilei­ ra Zoologia, 24, 2: 426-435.",,,,,,,,,,,,,,,,,,,,,,,,,
"304. Nowak, R. M., & Paradiso, J. L. 1999. Order rodentia. Walker’s Mammals of the World, 2, 1243-1714.",,,,,,,,,,,,,,,,,,,,,,,,,
"305. Freudenthal & Martín-Suárez. Estimating body mass of fossil rodents Scripta Geol., 145 (2013)",,,,,,,,,,,,,,,,,,,,,,,,,
"306. Stapp, 2005. Microhabitat Segregation of three Species of Pocket Mice (Genus Chaetodipus) in Coastal Baja California, Mexico. Bulletin of the Southern California Academy of Sciences: Vol. 104: Iss. 1.",,,,,,,,,,,,,,,,,,,,,,,,,
"307. Baumgardner, G. D., & Kennedy, M. L. 1993. Morphometric variation in kangaroo rats (genus Dipodomys) and its relationship to selected abiotic variables. Journal of Mammalogy, 74(1), 69-85.",,,,,,,,,,,,,,,,,,,,,,,,,
"308. Anderson, R. and Jarrín-v, , 2002. A new species of spiny pocket mouse (Heteromyidae: Heteromys) endemic to western Ecuador. American Museum Novitates, 1-26.",,,,,,,,,,,,,,,,,,,,,,,,,
"309. Sanders, A.E., 2002. Additions to the Pleistocene mammal faunas of South Carolina, North Carolina, and Georgia (Vol. 92). American Philosophical Society.
",,,,,,,,,,,,,,,,,,,,,,,,,
"310. Monadjem, A., Taylor, J., Denys, C. and Cotterill, F., 2015. Rodents of sub-Saharan Africa: a biogeographic and taxonomic synthesis. Walter de Gruyter GmbH & Co KG.",,,,,,,,,,,,,,,,,,,,,,,,,
"311. Baker, M. and Amr, Z., 2008. Mice of the genus Apodemus in Jordan. Vertebrate Zoology, 58(1), 127-135.",,,,,,,,,,,,,,,,,,,,,,,,,
"312. Ruedas, L.A., 1995. Description of a new large-bodied species of Apomys Mearns, 1905 (Mammalia: Rodentia: Muridae) from Mindoro Island, Philippines. Proceedings- Biological Society of Washington, 108, 302-302.",,,,,,,,,,,,,,,,,,,,,,,,,
"313. Heaney, L.R. and Rabor, D.S., 1982. Mammals of Dinagat and Siargao Islands, Philippines.",,,,,,,,,,,,,,,,,,,,,,,,,
"314. Rickart, E.A., Heaney, L.R. and Tabaranza Jr, B.R., 2002. Review of Bullimus (Muridae: Murinae) and description of a new species from Camiguin Island, Philippines. Journal of Mammalogy, 83(2), 421-436.",,,,,,,,,,,,,,,,,,,,,,,,,
"315. Heaney, L.R., Tabaranza, B.R., Balete, D.S. and Rigertas, N., 2006. Synopsis and biogeography of the mammals of Camiguin Island, Philippines. Fieldiana Zoology, 106(1995), 28-49.",,,,,,,,,,,,,,,,,,,,,,,,,
"316. Kingdon, J., 1988. East African mammals: an atlas of evolution in Africa, volume 3, Part A: Carnivores (Vol. 4). University of Chicago Press.",,,,,,,,,,,,,,,,,,,,,,,,,
"317. Kryštufek, B., Spitzenberger, F. and Kefelioglu, H. 2001. Description, taxonomy, and distribution of Talpa davidiana. Mammalian Biology 66(3). 135-143.",,,,,,,,,,,,,,,,,,,,,,,,,
"318. Van Deusen, H.M., 1963. First New Guinea record of Thylacinus. Journal of Mammalogy, 44(2), 279-280.",,,,,,,,,,,,,,,,,,,,,,,,,
"319. Michaux, J., Lopez-Martinez, N. and Hernández-Pacheco, J.J., 1996. A 14C dating of Canariomys bravoi (Mammalia Rodentia), the extinct giant rat from Tenerife (Canary islands, Spain), and the recent history of the endemic mammals in the archipelago. Vie et Milieu, 46(3-4), 261-266.",,,,,,,,,,,,,,,,,,,,,,,,,
"320. Goodman, S.M., Raxworthy, C.J., Maminirina, C. and Olson, L.E., 2006. A new species of shrew tenrec (Microgale jobihely) from northern Madagascar. Journal of Zoology, 270(2), 384-398.",,,,,,,,,,,,,,,,,,,,,,,,,
"321. Larramendi, A., 2015. Shoulder height, body mass, and shape of proboscideans. Acta Palaeontologica Polonica, 61(3), 537-574.",,,,,,,,,,,,,,,,,,,,,,,,,
"322. Verde Arregoitia, L.D., Blomberg, S. and Fisher, D.O., 2013. Phylogenetic correlates of extinction risk in mammals: species in older lineages are not at greater risk. Proceedings of the Royal Society B: Biological Sciences, 280(1765), 20131092.",,,,,,,,,,,,,,,,,,,,,,,,,
"323. Agenbroad, L.D., 2010. Mammuthus exilis from the California Channel Islands: height, mass, and geologic age. CIT, 173(530), 536.",,,,,,,,,,,,,,,,,,,,,,,,,
"324. Ai, H.S., He, K., Chen, Z.Z., Li, J.Q., Wan, T., Li, Q., Nie, W.H., Wang, J.H., Su, W.T. and Jiang, X.L., 2018. Taxonomic revision of the genus Mesechinus (Mammalia: Erinaceidae) with description of a new species. Zoological research, 39(5), 335.",,,,,,,,,,,,,,,,,,,,,,,,,
"325. Hoffmann, R.S., Lunde, D., MacKinnon, J., Smith, A.T., Wilson, D.E., Wozencraft, W.C. and Xie, Y. eds., 2008. A guide to the mammals of China. Princeton University Press.",,,,,,,,,,,,,,,,,,,,,,,,,
"326. Smith, F.A., Lyons, S.K., Ernest, S.M., Jones, K.E., Kaufman, D.M., Dayan, T., Marquet, P.A., Brown, J.H. and Haskell, J.P., 2003. Body mass of Late Quaternary mammals: ecological archives E084‐094. Ecology, 84(12), 3403-3403.",,,,,,,,,,,,,,,,,,,,,,,,,
"327. Whitehead, G.K., 1972. Deer of the World.",,,,,,,,,,,,,,,,,,,,,,,,,
"328. Wells, N.M. and Giacalone, J., 1985. Syntheosciurus brochus. Mammalian Species, (249), 1-3.",,,,,,,,,,,,,,,,,,,,,,,,,
"329. Ross, D., 1994. Phodopus roborovskii. Mammalian Species, (459), 1-4.",,,,,,,,,,,,,,,,,,,,,,,,,
"330. Moratelli R, Wilson DE. A new species of Myotis (Chiroptera, Vespertilionidae) from Bolivia. Journal of Mammalogy. 2014 Aug 22;95(4):E17-25.",,,,,,,,,,,,,,,,,,,,,,,,,
"331. Scott, J.E., 2011. Folivory, frugivory, and postcanine size in the Cercopithecoidea revisited. American Journal of Physical Anthropology, 146(1), 20-27.",,,,,,,,,,,,,,,,,,,,,,,,,
"332. Smith, F.A., S.K. Lyons, S.K.M. Ernest, K.E. Jones, D.M. Kaufman, T. Dayan, P.A. Marquet, J.H. Brown and J.P. Haskell. 2003. Body mass of late Quaternary mammals. Ecology 84:3402 (updated version obtained from senior author).",,,,,,,,,,,,,,,,,,,,,,,,,
"333. Smith, A.T., Xie, Y., Hoffmann, R.S., Lunde, D., MacKinnon, J., Wilson, D.E. and Wozencraft, W.C. eds., 2010. A guide to the mammals of China. Princeton University Press.",,,,,,,,,,,,,,,,,,,,,,,,,
"334. Wilson, D.E. and Ruff, S., 1999. North American I Mammals. Smithsonian Institute, Washington, DC.",,,,,,,,,,,,,,,,,,,,,,,,,
"334. Wilson, D.E. and Ruff, S., 1999. North American I Mammals. Smithsonian Institute, Washington, DC.",,,,,,,,,,,,,,,,,,,,,,,,,
"335. Stone, R.D. ed., 1995. Eurasian insectivores and tree shrews: status survey and conservation action plan (Vol. 26). IUCN.",,,,,,,,,,,,,,,,,,,,,,,,,
"336. van der Geer, A.A., van den Bergh, G.D., Lyras, G.A., Prasetyo, U.W., Due, R.A., Setiyabudi, E. and Drinia, H., 2016. The effect of area and isolation on insular dwarf proboscideans. Journal of Biogeography, 43(8), 1656-1666.",,,,,,,,,,,,,,,,,,,,,,,,,
"337. Wroe, S., Field, J., Fullagar, R. and Jermin, L.S., 2004. Megafaunal extinction in the late Quaternary and the global overkill hypothesis. Alcheringa, 28(1), 291-331.",,,,,,,,,,,,,,,,,,,,,,,,,
"338. Galetti, M., Guevara, R., Neves, C.L., Rodarte, R.R., Bovendorp, R.S., Moreira, M., Hopkins III, J.B. and Yeakel, J.D., 2015. Defaunation affects the populations and diets of rodents in Neotropical rainforests. Biological Conservation, 190, 2-7.",,,,,,,,,,,,,,,,,,,,,,,,,
"339. Kryštufek, B. and Vohralík, V., 2001. Mammals of Turkey and Cyprus. Zgodovinsko društvo za južno Primorsko.",,,,,,,,,,,,,,,,,,,,,,,,,
"340. Kenagy, G.J. and Trombulak, S.C., 1986. Size and function of mammalian testes in relation to body size. Journal of Mammalogy, 67(1), 1-22.",,,,,,,,,,,,,,,,,,,,,,,,,
"341. Lovegrove, B.G., 2000. The zoogeography of mammalian basal metabolic rate. The American Naturalist, 156(2), 201-219.",,,,,,,,,,,,,,,,,,,,,,,,,
"342. Measroch, V., 1954, November. Growth and reproduction in the females of two species of gerbil, Tatera brantsi (A. Smith) and Tatera afra (Gray). In Proceedings of the Zoological Society of London (Vol. 124, No. 3, pp. 631-658). Oxford, UK: Blackwell Publishing Ltd.",,,,,,,,,,,,,,,,,,,,,,,,,
"343. Webb, P.I. and Skinner, J.D., 1996. Physiological adaptation to aridity in the bushveld gerbil, Tatera leucogaster. Journal of Zoology, 238(4), 693-701.",,,,,,,,,,,,,,,,,,,,,,,,,
"343. Thorington, R. W., and L. R. Heaney. 1981. Body Proportions and Gliding Adaptations of Flying Squirrels (Petauristinae). Journal of Mammalogy 62:101-114.",,,,,,,,,,,,,,,,,,,,,,,,,
"344. Hayssen V. 2008 Patterns of body and tail length and body mass in Sciuridae. Journal
of Mammalogy 89(4), 852-873",,,,,,,,,,,,,,,,,,,,,,,,,
"345. Lawlor, T.E., 1982. The evolution of body size in mammals: evidence from insular populations in Mexico. The American Naturalist, 119(1), 54-72.",,,,,,,,,,,,,,,,,,,,,,,,,
"346. Voss, R.S., 2003. A new species of Thomasomys (Rodentia: Muridae) from eastern Ecuador, with remarks on mammalian diversity and biogeography in the Cordillera Oriental. American Museum Novitates, 2003(3421), 1-47.",,,,,,,,,,,,,,,,,,,,,,,,,
"347. Aulagnier, S., Chevallier, J., Norwood, J. and Simó, J.V., 2010. Guide des mammifères d'Europe, d'Afrique du Nord et du Moyen-Orient. Delachaux et Niestlé.",,,,,,,,,,,,,,,,,,,,,,,,,
"348. Kays, R.W. and Wilson, D.E., 2009. Mammals of North America. Princeton University Press.",,,,,,,,,,,,,,,,,,,,,,,,,
"349. Blessing, S. 2002. ""Amorphochilus schnablii"" (On-line), Animal Diversity Web. Accessed April 27, 2013 at http://animaldiversity.ummz.umich.edu/site/accounts/information/Amorphochilus_schnablii.html",,,,,,,,,,,,,,,,,,,,,,,,,
"350. Carleton, M.D. and Goodman, S.M., 2000. New taxa of nesomyine rodents (Muroidea: Muridae) from Madagascar's northern highlands, with taxonomic comments on previously described forms. Fieldiana Zoology, 163-200.",,,,,,,,,,,,,,,,,,,,,,,,,
351. Added by K. Jones and M. Ernest,,,,,,,,,,,,,,,,,,,,,,,,,
352. Damuth Working Group,,,,,,,,,,,,,,,,,,,,,,,,,
,,,,,,,,,,,,,,,,,,,,,,,,,
,,,,,,,,,,,,,,,,,,,,,,,,,
,,,,,,,,,,,,,,,,,,,,,,,,,
,,,,,,,,,,,,,,,,,,,,,,,,,
,,,,,,,,,,,,,,,,,,,,,,,,,
,,,,,,,,,,,,,,,,,,,,,,,,,
,,,,,,,,,,,,,,,,,,,,,,,,,
,,,,,,,,,,,,,,,,,,,,,,,,,
,,,,,,,,,,,,,,,,,,,,,,,,,
,,,,,,,,,,,,,,,,,,,,,,,,,
,,,,,,,,,,,,,,,,,,,,,,,,,
,,,,,,,,,,,,,,,,,,,,,,,,,
,,,,,,,,,,,,,,,,,,,,,,,,,
,,,,,,,,,,,,,,,,,,,,,,,,,
,,,,,,,,,,,,,,,,,,,,,,,,,
,,,,,,,,,,,,,,,,,,,,,,,,,
,,,,,,,,,,,,,,,,,,,,,,,,,
,,,,,,,,,,,,,,,,,,,,,,,,,
,,,,,,,,,,,,,,,,,,,,,,,,,
,,,,,,,,,,,,,,,,,,,,,,,,,
,,,,,,,,,,,,,,,,,,,,,,,,,
,,,,,,,,,,,,,,,,,,,,,,,,,
,,,,,,,,,,,,,,,,,,,,,,,,,
,,,,,,,,,,,,,,,,,,,,,,,,,
,,,,,,,,,,,,,,,,,,,,,,,,,
,,,,,,,,,,,,,,,,,,,,,,,,,
,,,,,,,,,,,,,,,,,,,,,,,,,
,,,,,,,,,,,,,,,,,,,,,,,,,
,,,,,,,,,,,,,,,,,,,,,,,,,
,,,,,,,,,,,,,,,,,,,,,,,,,
,,,,,,,,,,,,,,,,,,,,,,,,,
,,,,,,,,,,,,,,,,,,,,,,,,,
,,,,,,,,,,,,,,,,,,,,,,,,,
,,,,,,,,,,,,,,,,,,,,,,,,,
,,,,,,,,,,,,,,,,,,,,,,,,,
,,,,,,,,,,,,,,,,,,,,,,,,,
,,,,,,,,,,,,,,,,,,,,,,,,,
,,,,,,,,,,,,,,,,,,,,,,,,,
,,,,,,,,,,,,,,,,,,,,,,,,,
,,,,,,,,,,,,,,,,,,,,,,,,,
,,,,,,,,,,,,,,,,,,,,,,,,,
,,,,,,,,,,,,,,,,,,,,,,,,,
,,,,,,,,,,,,,,,,,,,,,,,,,
,,,,,,,,,,,,,,,,,,,,,,,,,
,,,,,,,,,,,,,,,,,,,,,,,,,
,,,,,,,,,,,,,,,,,,,,,,,,,
,,,,,,,,,,,,,,,,,,,,,,,,,
,,,,,,,,,,,,,,,,,,,,,,,,,
,,,,,,,,,,,,,,,,,,,,,,,,,
,,,,,,,,,,,,,,,,,,,,,,,,,
,,,,,,,,,,,,,,,,,,,,,,,,,
,,,,,,,,,,,,,,,,,,,,,,,,,
,,,,,,,,,,,,,,,,,,,,,,,,,
,,,,,,,,,,,,,,,,,,,,,,,,,
,,,,,,,,,,,,,,,,,,,,,,,,,
,,,,,,,,,,,,,,,,,,,,,,,,,
,,,,,,,,,,,,,,,,,,,,,,,,,
,,,,,,,,,,,,,,,,,,,,,,,,,
,,,,,,,,,,,,,,,,,,,,,,,,,
,,,,,,,,,,,,,,,,,,,,,,,,,
,,,,,,,,,,,,,,,,,,,,,,,,,
,,,,,,,,,,,,,,,,,,,,,,,,,
,,,,,,,,,,,,,,,,,,,,,,,,,
,,,,,,,,,,,,,,,,,,,,,,,,,
,,,,,,,,,,,,,,,,,,,,,,,,,
,,,,,,,,,,,,,,,,,,,,,,,,,
,,,,,,,,,,,,,,,,,,,,,,,,,
,,,,,,,,,,,,,,,,,,,,,,,,,
,,,,,,,,,,,,,,,,,,,,,,,,,
,,,,,,,,,,,,,,,,,,,,,,,,,
,,,,,,,,,,,,,,,,,,,,,,,,,
,,,,,,,,,,,,,,,,,,,,,,,,,
,,,,,,,,,,,,,,,,,,,,,,,,,
,,,,,,,,,,,,,,,,,,,,,,,,,
,,,,,,,,,,,,,,,,,,,,,,,,,
,,,,,,,,,,,,,,,,,,,,,,,,,
,,,,,,,,,,,,,,,,,,,,,,,,,
,,,,,,,,,,,,,,,,,,,,,,,,,
,,,,,,,,,,,,,,,,,,,,,,,,,
,,,,,,,,,,,,,,,,,,,,,,,,,
,,,,,,,,,,,,,,,,,,,,,,,,,
,,,,,,,,,,,,,,,,,,,,,,,,,
,,,,,,,,,,,,,,,,,,,,,,,,,
,,,,,,,,,,,,,,,,,,,,,,,,,
,,,,,,,,,,,,,,,,,,,,,,,,,
,,,,,,,,,,,,,,,,,,,,,,,,,
,,,,,,,,,,,,,,,,,,,,,,,,,
,,,,,,,,,,,,,,,,,,,,,,,,,
,,,,,,,,,,,,,,,,,,,,,,,,,
,,,,,,,,,,,,,,,,,,,,,,,,,
,,,,,,,,,,,,,,,,,,,,,,,,,
,,,,,,,,,,,,,,,,,,,,,,,,,
,,,,,,,,,,,,,,,,,,,,,,,,,
,,,,,,,,,,,,,,,,,,,,,,,,,
,,,,,,,,,,,,,,,,,,,,,,,,,
,,,,,,,,,,,,,,,,,,,,,,,,,
,,,,,,,,,,,,,,,,,,,,,,,,,
,,,,,,,,,,,,,,,,,,,,,,,,,
,,,,,,,,,,,,,,,,,,,,,,,,,
,,,,,,,,,,,,,,,,,,,,,,,,,
,,,,,,,,,,,,,,,,,,,,,,,,,
,,,,,,,,,,,,,,,,,,,,,,,,,
,,,,,,,,,,,,,,,,,,,,,,,,,
,,,,,,,,,,,,,,,,,,,,,,,,,
,,,,,,,,,,,,,,,,,,,,,,,,,
,,,,,,,,,,,,,,,,,,,,,,,,,
,,,,,,,,,,,,,,,,,,,,,,,,,
,,,,,,,,,,,,,,,,,,,,,,,,,
,,,,,,,,,,,,,,,,,,,,,,,,,
,,,,,,,,,,,,,,,,,,,,,,,,,
,,,,,,,,,,,,,,,,,,,,,,,,,
,,,,,,,,,,,,,,,,,,,,,,,,,
,,,,,,,,,,,,,,,,,,,,,,,,,
,,,,,,,,,,,,,,,,,,,,,,,,,
,,,,,,,,,,,,,,,,,,,,,,,,,
,,,,,,,,,,,,,,,,,,,,,,,,,
,,,,,,,,,,,,,,,,,,,,,,,,,
,,,,,,,,,,,,,,,,,,,,,,,,,
,,,,,,,,,,,,,,,,,,,,,,,,,
,,,,,,,,,,,,,,,,,,,,,,,,,
,,,,,,,,,,,,,,,,,,,,,,,,,
,,,,,,,,,,,,,,,,,,,,,,,,,
,,,,,,,,,,,,,,,,,,,,,,,,,
,,,,,,,,,,,,,,,,,,,,,,,,,
,,,,,,,,,,,,,,,,,,,,,,,,,
,,,,,,,,,,,,,,,,,,,,,,,,,
,,,,,,,,,,,,,,,,,,,,,,,,,
,,,,,,,,,,,,,,,,,,,,,,,,,
,,,,,,,,,,,,,,,,,,,,,,,,,
,,,,,,,,,,,,,,,,,,,,,,,,,
,,,,,,,,,,,,,,,,,,,,,,,,,
,,,,,,,,,,,,,,,,,,,,,,,,,
,,,,,,,,,,,,,,,,,,,,,,,,,
,,,,,,,,,,,,,,,,,,,,,,,,,
,,,,,,,,,,,,,,,,,,,,,,,,,
,,,,,,,,,,,,,,,,,,,,,,,,,
,,,,,,,,,,,,,,,,,,,,,,,,,
,,,,,,,,,,,,,,,,,,,,,,,,,
,,,,,,,,,,,,,,,,,,,,,,,,,
,,,,,,,,,,,,,,,,,,,,,,,,,
,,,,,,,,,,,,,,,,,,,,,,,,,
,,,,,,,,,,,,,,,,,,,,,,,,,
,,,,,,,,,,,,,,,,,,,,,,,,,
,,,,,,,,,,,,,,,,,,,,,,,,,
,,,,,,,,,,,,,,,,,,,,,,,,,
,,,,,,,,,,,,,,,,,,,,,,,,,
,,,,,,,,,,,,,,,,,,,,,,,,,
,,,,,,,,,,,,,,,,,,,,,,,,,
,,,,,,,,,,,,,,,,,,,,,,,,,
,,,,,,,,,,,,,,,,,,,,,,,,,
,,,,,,,,,,,,,,,,,,,,,,,,,
,,,,,,,,,,,,,,,,,,,,,,,,,
,,,,,,,,,,,,,,,,,,,,,,,,,
,,,,,,,,,,,,,,,,,,,,,,,,,
,,,,,,,,,,,,,,,,,,,,,,,,,
,,,,,,,,,,,,,,,,,,,,,,,,,
,,,,,,,,,,,,,,,,,,,,,,,,,
,,,,,,,,,,,,,,,,,,,,,,,,,
,,,,,,,,,,,,,,,,,,,,,,,,,
,,,,,,,,,,,,,,,,,,,,,,,,,
,,,,,,,,,,,,,,,,,,,,,,,,,
,,,,,,,,,,,,,,,,,,,,,,,,,
,,,,,,,,,,,,,,,,,,,,,,,,,
,,,,,,,,,,,,,,,,,,,,,,,,,
,,,,,,,,,,,,,,,,,,,,,,,,,
,,,,,,,,,,,,,,,,,,,,,,,,,
,,,,,,,,,,,,,,,,,,,,,,,,,
,,,,,,,,,,,,,,,,,,,,,,,,,
,,,,,,,,,,,,,,,,,,,,,,,,,
,,,,,,,,,,,,,,,,,,,,,,,,,
,,,,,,,,,,,,,,,,,,,,,,,,,
,,,,,,,,,,,,,,,,,,,,,,,,,
,,,,,,,,,,,,,,,,,,,,,,,,,
,,,,,,,,,,,,,,,,,,,,,,,,,
,,,,,,,,,,,,,,,,,,,,,,,,,
,,,,,,,,,,,,,,,,,,,,,,,,,
,,,,,,,,,,,,,,,,,,,,,,,,,
,,,,,,,,,,,,,,,,,,,,,,,,,
,,,,,,,,,,,,,,,,,,,,,,,,,
,,,,,,,,,,,,,,,,,,,,,,,,,
,,,,,,,,,,,,,,,,,,,,,,,,,
,,,,,,,,,,,,,,,,,,,,,,,,,
,,,,,,,,,,,,,,,,,,,,,,,,,
,,,,,,,,,,,,,,,,,,,,,,,,,
,,,,,,,,,,,,,,,,,,,,,,,,,
,,,,,,,,,,,,,,,,,,,,,,,,,
,,,,,,,,,,,,,,,,,,,,,,,,,
,,,,,,,,,,,,,,,,,,,,,,,,,
,,,,,,,,,,,,,,,,,,,,,,,,,
,,,,,,,,,,,,,,,,,,,,,,,,,
,,,,,,,,,,,,,,,,,,,,,,,,,
,,,,,,,,,,,,,,,,,,,,,,,,,
,,,,,,,,,,,,,,,,,,,,,,,,,
,,,,,,,,,,,,,,,,,,,,,,,,,
,,,,,,,,,,,,,,,,,,,,,,,,,
,,,,,,,,,,,,,,,,,,,,,,,,,
,,,,,,,,,,,,,,,,,,,,,,,,,
,,,,,,,,,,,,,,,,,,,,,,,,,
,,,,,,,,,,,,,,,,,,,,,,,,,
,,,,,,,,,,,,,,,,,,,,,,,,,
,,,,,,,,,,,,,,,,,,,,,,,,,
,,,,,,,,,,,,,,,,,,,,,,,,,
,,,,,,,,,,,,,,,,,,,,,,,,,
,,,,,,,,,,,,,,,,,,,,,,,,,
,,,,,,,,,,,,,,,,,,,,,,,,,
,,,,,,,,,,,,,,,,,,,,,,,,,
,,,,,,,,,,,,,,,,,,,,,,,,,
,,,,,,,,,,,,,,,,,,,,,,,,,
,,,,,,,,,,,,,,,,,,,,,,,,,
,,,,,,,,,,,,,,,,,,,,,,,,,
,,,,,,,,,,,,,,,,,,,,,,,,,
,,,,,,,,,,,,,,,,,,,,,,,,,
,,,,,,,,,,,,,,,,,,,,,,,,,
,,,,,,,,,,,,,,,,,,,,,,,,,
,,,,,,,,,,,,,,,,,,,,,,,,,
,,,,,,,,,,,,,,,,,,,,,,,,,
,,,,,,,,,,,,,,,,,,,,,,,,,
,,,,,,,,,,,,,,,,,,,,,,,,,
,,,,,,,,,,,,,,,,,,,,,,,,,
,,,,,,,,,,,,,,,,,,,,,,,,,
,,,,,,,,,,,,,,,,,,,,,,,,,
,,,,,,,,,,,,,,,,,,,,,,,,,
,,,,,,,,,,,,,,,,,,,,,,,,,
,,,,,,,,,,,,,,,,,,,,,,,,,
,,,,,,,,,,,,,,,,,,,,,,,,,
,,,,,,,,,,,,,,,,,,,,,,,,,
,,,,,,,,,,,,,,,,,,,,,,,,,
,,,,,,,,,,,,,,,,,,,,,,,,,
,,,,,,,,,,,,,,,,,,,,,,,,,
,,,,,,,,,,,,,,,,,,,,,,,,,
,,,,,,,,,,,,,,,,,,,,,,,,,
,,,,,,,,,,,,,,,,,,,,,,,,,
,,,,,,,,,,,,,,,,,,,,,,,,,
,,,,,,,,,,,,,,,,,,,,,,,,,
,,,,,,,,,,,,,,,,,,,,,,,,,
,,,,,,,,,,,,,,,,,,,,,,,,,
,,,,,,,,,,,,,,,,,,,,,,,,,
,,,,,,,,,,,,,,,,,,,,,,,,,
,,,,,,,,,,,,,,,,,,,,,,,,,
,,,,,,,,,,,,,,,,,,,,,,,,,
,,,,,,,,,,,,,,,,,,,,,,,,,
,,,,,,,,,,,,,,,,,,,,,,,,,
,,,,,,,,,,,,,,,,,,,,,,,,,
,,,,,,,,,,,,,,,,,,,,,,,,,
,,,,,,,,,,,,,,,,,,,,,,,,,
,,,,,,,,,,,,,,,,,,,,,,,,,
,,,,,,,,,,,,,,,,,,,,,,,,,
,,,,,,,,,,,,,,,,,,,,,,,,,
,,,,,,,,,,,,,,,,,,,,,,,,,
,,,,,,,,,,,,,,,,,,,,,,,,,
,,,,,,,,,,,,,,,,,,,,,,,,,
,,,,,,,,,,,,,,,,,,,,,,,,,
,,,,,,,,,,,,,,,,,,,,,,,,,
,,,,,,,,,,,,,,,,,,,,,,,,,
,,,,,,,,,,,,,,,,,,,,,,,,,
,,,,,,,,,,,,,,,,,,,,,,,,,
,,,,,,,,,,,,,,,,,,,,,,,,,
,,,,,,,,,,,,,,,,,,,,,,,,,
,,,,,,,,,,,,,,,,,,,,,,,,,
,,,,,,,,,,,,,,,,,,,,,,,,,
,,,,,,,,,,,,,,,,,,,,,,,,,
,,,,,,,,,,,,,,,,,,,,,,,,,
,,,,,,,,,,,,,,,,,,,,,,,,,
,,,,,,,,,,,,,,,,,,,,,,,,,
,,,,,,,,,,,,,,,,,,,,,,,,,
,,,,,,,,,,,,,,,,,,,,,,,,,
,,,,,,,,,,,,,,,,,,,,,,,,,
,,,,,,,,,,,,,,,,,,,,,,,,,
,,,,,,,,,,,,,,,,,,,,,,,,,
,,,,,,,,,,,,,,,,,,,,,,,,,
,,,,,,,,,,,,,,,,,,,,,,,,,
,,,,,,,,,,,,,,,,,,,,,,,,,
,,,,,,,,,,,,,,,,,,,,,,,,,
,,,,,,,,,,,,,,,,,,,,,,,,,
,,,,,,,,,,,,,,,,,,,,,,,,,
,,,,,,,,,,,,,,,,,,,,,,,,,
,,,,,,,,,,,,,,,,,,,,,,,,,
,,,,,,,,,,,,,,,,,,,,,,,,,
,,,,,,,,,,,,,,,,,,,,,,,,,
,,,,,,,,,,,,,,,,,,,,,,,,,
,,,,,,,,,,,,,,,,,,,,,,,,,
,,,,,,,,,,,,,,,,,,,,,,,,,
,,,,,,,,,,,,,,,,,,,,,,,,,
,,,,,,,,,,,,,,,,,,,,,,,,,
,,,,,,,,,,,,,,,,,,,,,,,,,
,,,,,,,,,,,,,,,,,,,,,,,,,
,,,,,,,,,,,,,,,,,,,,,,,,,
,,,,,,,,,,,,,,,,,,,,,,,,,
,,,,,,,,,,,,,,,,,,,,,,,,,
,,,,,,,,,,,,,,,,,,,,,,,,,
,,,,,,,,,,,,,,,,,,,,,,,,,
,,,,,,,,,,,,,,,,,,,,,,,,,
,,,,,,,,,,,,,,,,,,,,,,,,,
,,,,,,,,,,,,,,,,,,,,,,,,,
,,,,,,,,,,,,,,,,,,,,,,,,,
,,,,,,,,,,,,,,,,,,,,,,,,,
,,,,,,,,,,,,,,,,,,,,,,,,,
,,,,,,,,,,,,,,,,,,,,,,,,,
,,,,,,,,,,,,,,,,,,,,,,,,,
,,,,,,,,,,,,,,,,,,,,,,,,,
,,,,,,,,,,,,,,,,,,,,,,,,,
,,,,,,,,,,,,,,,,,,,,,,,,,
,,,,,,,,,,,,,,,,,,,,,,,,,
,,,,,,,,,,,,,,,,,,,,,,,,,
,,,,,,,,,,,,,,,,,,,,,,,,,
,,,,,,,,,,,,,,,,,,,,,,,,,
,,,,,,,,,,,,,,,,,,,,,,,,,
,,,,,,,,,,,,,,,,,,,,,,,,,
,,,,,,,,,,,,,,,,,,,,,,,,,
,,,,,,,,,,,,,,,,,,,,,,,,,
,,,,,,,,,,,,,,,,,,,,,,,,,
,,,,,,,,,,,,,,,,,,,,,,,,,
,,,,,,,,,,,,,,,,,,,,,,,,,
,,,,,,,,,,,,,,,,,,,,,,,,,
,,,,,,,,,,,,,,,,,,,,,,,,,
,,,,,,,,,,,,,,,,,,,,,,,,,
,,,,,,,,,,,,,,,,,,,,,,,,,
,,,,,,,,,,,,,,,,,,,,,,,,,
,,,,,,,,,,,,,,,,,,,,,,,,,
,,,,,,,,,,,,,,,,,,,,,,,,,
,,,,,,,,,,,,,,,,,,,,,,,,,
,,,,,,,,,,,,,,,,,,,,,,,,,
,,,,,,,,,,,,,,,,,,,,,,,,,
,,,,,,,,,,,,,,,,,,,,,,,,,
,,,,,,,,,,,,,,,,,,,,,,,,,
,,,,,,,,,,,,,,,,,,,,,,,,,
,,,,,,,,,,,,,,,,,,,,,,,,,
,,,,,,,,,,,,,,,,,,,,,,,,,
,,,,,,,,,,,,,,,,,,,,,,,,,
,,,,,,,,,,,,,,,,,,,,,,,,,
,,,,,,,,,,,,,,,,,,,,,,,,,
,,,,,,,,,,,,,,,,,,,,,,,,,
,,,,,,,,,,,,,,,,,,,,,,,,,
,,,,,,,,,,,,,,,,,,,,,,,,,
,,,,,,,,,,,,,,,,,,,,,,,,,
,,,,,,,,,,,,,,,,,,,,,,,,,
,,,,,,,,,,,,,,,,,,,,,,,,,
,,,,,,,,,,,,,,,,,,,,,,,,,
,,,,,,,,,,,,,,,,,,,,,,,,,
,,,,,,,,,,,,,,,,,,,,,,,,,
,,,,,,,,,,,,,,,,,,,,,,,,,
,,,,,,,,,,,,,,,,,,,,,,,,,
,,,,,,,,,,,,,,,,,,,,,,,,,
,,,,,,,,,,,,,,,,,,,,,,,,,
,,,,,,,,,,,,,,,,,,,,,,,,,
,,,,,,,,,,,,,,,,,,,,,,,,,
,,,,,,,,,,,,,,,,,,,,,,,,,
,,,,,,,,,,,,,,,,,,,,,,,,,
,,,,,,,,,,,,,,,,,,,,,,,,,
,,,,,,,,,,,,,,,,,,,,,,,,,
,,,,,,,,,,,,,,,,,,,,,,,,,
,,,,,,,,,,,,,,,,,,,,,,,,,
,,,,,,,,,,,,,,,,,,,,,,,,,
,,,,,,,,,,,,,,,,,,,,,,,,,
,,,,,,,,,,,,,,,,,,,,,,,,,
,,,,,,,,,,,,,,,,,,,,,,,,,
,,,,,,,,,,,,,,,,,,,,,,,,,
,,,,,,,,,,,,,,,,,,,,,,,,,
,,,,,,,,,,,,,,,,,,,,,,,,,
,,,,,,,,,,,,,,,,,,,,,,,,,
,,,,,,,,,,,,,,,,,,,,,,,,,
,,,,,,,,,,,,,,,,,,,,,,,,,
,,,,,,,,,,,,,,,,,,,,,,,,,
,,,,,,,,,,,,,,,,,,,,,,,,,
,,,,,,,,,,,,,,,,,,,,,,,,,
,,,,,,,,,,,,,,,,,,,,,,,,,
,,,,,,,,,,,,,,,,,,,,,,,,,
,,,,,,,,,,,,,,,,,,,,,,,,,
,,,,,,,,,,,,,,,,,,,,,,,,,
,,,,,,,,,,,,,,,,,,,,,,,,,
,,,,,,,,,,,,,,,,,,,,,,,,,
,,,,,,,,,,,,,,,,,,,,,,,,,
,,,,,,,,,,,,,,,,,,,,,,,,,
,,,,,,,,,,,,,,,,,,,,,,,,,
,,,,,,,,,,,,,,,,,,,,,,,,,
,,,,,,,,,,,,,,,,,,,,,,,,,
,,,,,,,,,,,,,,,,,,,,,,,,,
,,,,,,,,,,,,,,,,,,,,,,,,,
,,,,,,,,,,,,,,,,,,,,,,,,,
,,,,,,,,,,,,,,,,,,,,,,,,,
,,,,,,,,,,,,,,,,,,,,,,,,,
,,,,,,,,,,,,,,,,,,,,,,,,,
,,,,,,,,,,,,,,,,,,,,,,,,,
,,,,,,,,,,,,,,,,,,,,,,,,,
,,,,,,,,,,,,,,,,,,,,,,,,,
,,,,,,,,,,,,,,,,,,,,,,,,,
,,,,,,,,,,,,,,,,,,,,,,,,,
,,,,,,,,,,,,,,,,,,,,,,,,,
,,,,,,,,,,,,,,,,,,,,,,,,,
,,,,,,,,,,,,,,,,,,,,,,,,,
,,,,,,,,,,,,,,,,,,,,,,,,,
,,,,,,,,,,,,,,,,,,,,,,,,,
,,,,,,,,,,,,,,,,,,,,,,,,,
,,,,,,,,,,,,,,,,,,,,,,,,,
,,,,,,,,,,,,,,,,,,,,,,,,,
,,,,,,,,,,,,,,,,,,,,,,,,,
,,,,,,,,,,,,,,,,,,,,,,,,,
,,,,,,,,,,,,,,,,,,,,,,,,,
,,,,,,,,,,,,,,,,,,,,,,,,,
,,,,,,,,,,,,,,,,,,,,,,,,,
,,,,,,,,,,,,,,,,,,,,,,,,,
,,,,,,,,,,,,,,,,,,,,,,,,,
,,,,,,,,,,,,,,,,,,,,,,,,,
,,,,,,,,,,,,,,,,,,,,,,,,,
,,,,,,,,,,,,,,,,,,,,,,,,,
,,,,,,,,,,,,,,,,,,,,,,,,,
,,,,,,,,,,,,,,,,,,,,,,,,,
,,,,,,,,,,,,,,,,,,,,,,,,,
,,,,,,,,,,,,,,,,,,,,,,,,,
,,,,,,,,,,,,,,,,,,,,,,,,,
,,,,,,,,,,,,,,,,,,,,,,,,,
,,,,,,,,,,,,,,,,,,,,,,,,,
,,,,,,,,,,,,,,,,,,,,,,,,,
,,,,,,,,,,,,,,,,,,,,,,,,,
,,,,,,,,,,,,,,,,,,,,,,,,,
,,,,,,,,,,,,,,,,,,,,,,,,,
,,,,,,,,,,,,,,,,,,,,,,,,,
,,,,,,,,,,,,,,,,,,,,,,,,,
,,,,,,,,,,,,,,,,,,,,,,,,,
,,,,,,,,,,,,,,,,,,,,,,,,,
,,,,,,,,,,,,,,,,,,,,,,,,,
,,,,,,,,,,,,,,,,,,,,,,,,,
,,,,,,,,,,,,,,,,,,,,,,,,,
,,,,,,,,,,,,,,,,,,,,,,,,,
,,,,,,,,,,,,,,,,,,,,,,,,,
,,,,,,,,,,,,,,,,,,,,,,,,,
,,,,,,,,,,,,,,,,,,,,,,,,,
,,,,,,,,,,,,,,,,,,,,,,,,,
,,,,,,,,,,,,,,,,,,,,,,,,,
,,,,,,,,,,,,,,,,,,,,,,,,,
,,,,,,,,,,,,,,,,,,,,,,,,,
,,,,,,,,,,,,,,,,,,,,,,,,,
,,,,,,,,,,,,,,,,,,,,,,,,,
,,,,,,,,,,,,,,,,,,,,,,,,,
,,,,,,,,,,,,,,,,,,,,,,,,,
,,,,,,,,,,,,,,,,,,,,,,,,,
,,,,,,,,,,,,,,,,,,,,,,,,,
,,,,,,,,,,,,,,,,,,,,,,,,,
,,,,,,,,,,,,,,,,,,,,,,,,,
,,,,,,,,,,,,,,,,,,,,,,,,,
,,,,,,,,,,,,,,,,,,,,,,,,,
,,,,,,,,,,,,,,,,,,,,,,,,,
,,,,,,,,,,,,,,,,,,,,,,,,,
,,,,,,,,,,,,,,,,,,,,,,,,,
,,,,,,,,,,,,,,,,,,,,,,,,,
,,,,,,,,,,,,,,,,,,,,,,,,,
,,,,,,,,,,,,,,,,,,,,,,,,,
,,,,,,,,,,,,,,,,,,,,,,,,,
,,,,,,,,,,,,,,,,,,,,,,,,,
,,,,,,,,,,,,,,,,,,,,,,,,,
,,,,,,,,,,,,,,,,,,,,,,,,,
,,,,,,,,,,,,,,,,,,,,,,,,,
,,,,,,,,,,,,,,,,,,,,,,,,,
,,,,,,,,,,,,,,,,,,,,,,,,,
,,,,,,,,,,,,,,,,,,,,,,,,,
,,,,,,,,,,,,,,,,,,,,,,,,,
,,,,,,,,,,,,,,,,,,,,,,,,,
,,,,,,,,,,,,,,,,,,,,,,,,,
,,,,,,,,,,,,,,,,,,,,,,,,,
,,,,,,,,,,,,,,,,,,,,,,,,,
,,,,,,,,,,,,,,,,,,,,,,,,,
,,,,,,,,,,,,,,,,,,,,,,,,,
,,,,,,,,,,,,,,,,,,,,,,,,,
,,,,,,,,,,,,,,,,,,,,,,,,,
,,,,,,,,,,,,,,,,,,,,,,,,,
,,,,,,,,,,,,,,,,,,,,,,,,,
,,,,,,,,,,,,,,,,,,,,,,,,,
,,,,,,,,,,,,,,,,,,,,,,,,,
,,,,,,,,,,,,,,,,,,,,,,,,,
,,,,,,,,,,,,,,,,,,,,,,,,,
,,,,,,,,,,,,,,,,,,,,,,,,,
,,,,,,,,,,,,,,,,,,,,,,,,,
,,,,,,,,,,,,,,,,,,,,,,,,,
,,,,,,,,,,,,,,,,,,,,,,,,,
,,,,,,,,,,,,,,,,,,,,,,,,,
,,,,,,,,,,,,,,,,,,,,,,,,,
,,,,,,,,,,,,,,,,,,,,,,,,,
,,,,,,,,,,,,,,,,,,,,,,,,,
,,,,,,,,,,,,,,,,,,,,,,,,,
,,,,,,,,,,,,,,,,,,,,,,,,,
,,,,,,,,,,,,,,,,,,,,,,,,,
,,,,,,,,,,,,,,,,,,,,,,,,,
,,,,,,,,,,,,,,,,,,,,,,,,,
,,,,,,,,,,,,,,,,,,,,,,,,,
,,,,,,,,,,,,,,,,,,,,,,,,,
,,,,,,,,,,,,,,,,,,,,,,,,,
,,,,,,,,,,,,,,,,,,,,,,,,,
,,,,,,,,,,,,,,,,,,,,,,,,,
,,,,,,,,,,,,,,,,,,,,,,,,,
,,,,,,,,,,,,,,,,,,,,,,,,,
,,,,,,,,,,,,,,,,,,,,,,,,,
,,,,,,,,,,,,,,,,,,,,,,,,,
,,,,,,,,,,,,,,,,,,,,,,,,,
,,,,,,,,,,,,,,,,,,,,,,,,,
,,,,,,,,,,,,,,,,,,,,,,,,,
,,,,,,,,,,,,,,,,,,,,,,,,,
,,,,,,,,,,,,,,,,,,,,,,,,,
,,,,,,,,,,,,,,,,,,,,,,,,,
,,,,,,,,,,,,,,,,,,,,,,,,,
,,,,,,,,,,,,,,,,,,,,,,,,,
,,,,,,,,,,,,,,,,,,,,,,,,,
,,,,,,,,,,,,,,,,,,,,,,,,,
,,,,,,,,,,,,,,,,,,,,,,,,,
,,,,,,,,,,,,,,,,,,,,,,,,,
,,,,,,,,,,,,,,,,,,,,,,,,,
,,,,,,,,,,,,,,,,,,,,,,,,,
,,,,,,,,,,,,,,,,,,,,,,,,,
,,,,,,,,,,,,,,,,,,,,,,,,,
,,,,,,,,,,,,,,,,,,,,,,,,,
,,,,,,,,,,,,,,,,,,,,,,,,,
,,,,,,,,,,,,,,,,,,,,,,,,,
,,,,,,,,,,,,,,,,,,,,,,,,,
,,,,,,,,,,,,,,,,,,,,,,,,,
,,,,,,,,,,,,,,,,,,,,,,,,,
,,,,,,,,,,,,,,,,,,,,,,,,,
,,,,,,,,,,,,,,,,,,,,,,,,,
,,,,,,,,,,,,,,,,,,,,,,,,,
,,,,,,,,,,,,,,,,,,,,,,,,,
,,,,,,,,,,,,,,,,,,,,,,,,,
,,,,,,,,,,,,,,,,,,,,,,,,,
,,,,,,,,,,,,,,,,,,,,,,,,,
,,,,,,,,,,,,,,,,,,,,,,,,,
,,,,,,,,,,,,,,,,,,,,,,,,,
,,,,,,,,,,,,,,,,,,,,,,,,,
,,,,,,,,,,,,,,,,,,,,,,,,,
,,,,,,,,,,,,,,,,,,,,,,,,,
,,,,,,,,,,,,,,,,,,,,,,,,,
,,,,,,,,,,,,,,,,,,,,,,,,,
,,,,,,,,,,,,,,,,,,,,,,,,,
,,,,,,,,,,,,,,,,,,,,,,,,,
,,,,,,,,,,,,,,,,,,,,,,,,,
,,,,,,,,,,,,,,,,,,,,,,,,,
,,,,,,,,,,,,,,,,,,,,,,,,,
,,,,,,,,,,,,,,,,,,,,,,,,,
,,,,,,,,,,,,,,,,,,,,,,,,,
,,,,,,,,,,,,,,,,,,,,,,,,,
,,,,,,,,,,,,,,,,,,,,,,,,,
,,,,,,,,,,,,,,,,,,,,,,,,,
,,,,,,,,,,,,,,,,,,,,,,,,,
,,,,,,,,,,,,,,,,,,,,,,,,,
,,,,,,,,,,,,,,,,,,,,,,,,,
,,,,,,,,,,,,,,,,,,,,,,,,,
,,,,,,,,,,,,,,,,,,,,,,,,,
,,,,,,,,,,,,,,,,,,,,,,,,,
,,,,,,,,,,,,,,,,,,,,,,,,,
,,,,,,,,,,,,,,,,,,,,,,,,,
,,,,,,,,,,,,,,,,,,,,,,,,,
,,,,,,,,,,,,,,,,,,,,,,,,,
,,,,,,,,,,,,,,,,,,,,,,,,,
,,,,,,,,,,,,,,,,,,,,,,,,,
,,,,,,,,,,,,,,,,,,,,,,,,,
,,,,,,,,,,,,,,,,,,,,,,,,,
,,,,,,,,,,,,,,,,,,,,,,,,,
,,,,,,,,,,,,,,,,,,,,,,,,,
,,,,,,,,,,,,,,,,,,,,,,,,,
,,,,,,,,,,,,,,,,,,,,,,,,,
,,,,,,,,,,,,,,,,,,,,,,,,,
,,,,,,,,,,,,,,,,,,,,,,,,,
,,,,,,,,,,,,,,,,,,,,,,,,,
,,,,,,,,,,,,,,,,,,,,,,,,,
,,,,,,,,,,,,,,,,,,,,,,,,,
,,,,,,,,,,,,,,,,,,,,,,,,,
,,,,,,,,,,,,,,,,,,,,,,,,,
,,,,,,,,,,,,,,,,,,,,,,,,,
,,,,,,,,,,,,,,,,,,,,,,,,,
,,,,,,,,,,,,,,,,,,,,,,,,,
,,,,,,,,,,,,,,,,,,,,,,,,,
,,,,,,,,,,,,,,,,,,,,,,,,,
,,,,,,,,,,,,,,,,,,,,,,,,,
,,,,,,,,,,,,,,,,,,,,,,,,,
,,,,,,,,,,,,,,,,,,,,,,,,,
,,,,,,,,,,,,,,,,,,,,,,,,,
,,,,,,,,,,,,,,,,,,,,,,,,,
,,,,,,,,,,,,,,,,,,,,,,,,,
,,,,,,,,,,,,,,,,,,,,,,,,,
,,,,,,,,,,,,,,,,,,,,,,,,,
,,,,,,,,,,,,,,,,,,,,,,,,,
,,,,,,,,,,,,,,,,,,,,,,,,,
,,,,,,,,,,,,,,,,,,,,,,,,,
,,,,,,,,,,,,,,,,,,,,,,,,,
,,,,,,,,,,,,,,,,,,,,,,,,,
,,,,,,,,,,,,,,,,,,,,,,,,,
,,,,,,,,,,,,,,,,,,,,,,,,,
,,,,,,,,,,,,,,,,,,,,,,,,,
,,,,,,,,,,,,,,,,,,,,,,,,,
,,,,,,,,,,,,,,,,,,,,,,,,,
,,,,,,,,,,,,,,,,,,,,,,,,,
,,,,,,,,,,,,,,,,,,,,,,,,,
,,,,,,,,,,,,,,,,,,,,,,,,,
,,,,,,,,,,,,,,,,,,,,,,,,,
,,,,,,,,,,,,,,,,,,,,,,,,,
,,,,,,,,,,,,,,,,,,,,,,,,,
,,,,,,,,,,,,,,,,,,,,,,,,,
,,,,,,,,,,,,,,,,,,,,,,,,,
,,,,,,,,,,,,,,,,,,,,,,,,,
,,,,,,,,,,,,,,,,,,,,,,,,,
,,,,,,,,,,,,,,,,,,,,,,,,,
,,,,,,,,,,,,,,,,,,,,,,,,,
,,,,,,,,,,,,,,,,,,,,,,,,,
,,,,,,,,,,,,,,,,,,,,,,,,,
,,,,,,,,,,,,,,,,,,,,,,,,,
,,,,,,,,,,,,,,,,,,,,,,,,,
,,,,,,,,,,,,,,,,,,,,,,,,,
,,,,,,,,,,,,,,,,,,,,,,,,,
,,,,,,,,,,,,,,,,,,,,,,,,,
,,,,,,,,,,,,,,,,,,,,,,,,,
,,,,,,,,,,,,,,,,,,,,,,,,,
,,,,,,,,,,,,,,,,,,,,,,,,,
,,,,,,,,,,,,,,,,,,,,,,,,,
,,,,,,,,,,,,,,,,,,,,,,,,,
,,,,,,,,,,,,,,,,,,,,,,,,,
,,,,,,,,,,,,,,,,,,,,,,,,,
,,,,,,,,,,,,,,,,,,,,,,,,,
,,,,,,,,,,,,,,,,,,,,,,,,,
,,,,,,,,,,,,,,,,,,,,,,,,,
,,,,,,,,,,,,,,,,,,,,,,,,,
,,,,,,,,,,,,,,,,,,,,,,,,,
,,,,,,,,,,,,,,,,,,,,,,,,,
,,,,,,,,,,,,,,,,,,,,,,,,,
,,,,,,,,,,,,,,,,,,,,,,,,,
,,,,,,,,,,,,,,,,,,,,,,,,,
,,,,,,,,,,,,,,,,,,,,,,,,,
,,,,,,,,,,,,,,,,,,,,,,,,,
,,,,,,,,,,,,,,,,,,,,,,,,,
,,,,,,,,,,,,,,,,,,,,,,,,,
,,,,,,,,,,,,,,,,,,,,,,,,,
,,,,,,,,,,,,,,,,,,,,,,,,,
,,,,,,,,,,,,,,,,,,,,,,,,,
,,,,,,,,,,,,,,,,,,,,,,,,,
,,,,,,,,,,,,,,,,,,,,,,,,,
,,,,,,,,,,,,,,,,,,,,,,,,,
,,,,,,,,,,,,,,,,,,,,,,,,,
,,,,,,,,,,,,,,,,,,,,,,,,,
,,,,,,,,,,,,,,,,,,,,,,,,,
,,,,,,,,,,,,,,,,,,,,,,,,,
,,,,,,,,,,,,,,,,,,,,,,,,,
,,,,,,,,,,,,,,,,,,,,,,,,,
,,,,,,,,,,,,,,,,,,,,,,,,,
,,,,,,,,,,,,,,,,,,,,,,,,,
,,,,,,,,,,,,,,,,,,,,,,,,,
,,,,,,,,,,,,,,,,,,,,,,,,,
,,,,,,,,,,,,,,,,,,,,,,,,,
,,,,,,,,,,,,,,,,,,,,,,,,,
,,,,,,,,,,,,,,,,,,,,,,,,,
,,,,,,,,,,,,,,,,,,,,,,,,,